codigo,name,numero_ingredientes,allergies_risk,cancer_risk,development_risk,endocryne_risk,env_risk,prohibited_risk,score,categoria,Descripcion,presentacion,Rubro,Observaciones,Numero_Ingredientes,Cancer.Risk,Development.Risk,Allergies.Risk,Endocryne.Risk,Prohibited.Risk,Env.Risk,Total.Risk,HPC.score,norm.Cancer.Risk,norm.Development.Risk,norm.Allergies.Risk,norm.Endocryne.Risk,norm.Prohibited.Risk,norm.Env.Risk,norm.Total.Risk,norm.HPC.score,Column23,Column24,Column25,Column26,Column27,Column28,Column29,Column30,Column31,Column32,Column33,Column34,Column35,Column36,Column37,Column38,Column39,Column40,Column41,Column42,Column43,Column44,Column45,Column46,Column47,Column48,Column49,Column50,Column51,Column52,Column53,Column54,Column55,Column56,Column57,Column58,Column59,Column60,Column61,Column62,diferencia
7793742003790,DERMAGLOS PROTECTOR SOLAR NINOS F50,27,10.5,0.95,6.125,4.6666665,9.125,4.6249995,3.0454168,Solares,DERMAGLOS PROTECTOR SOLAR NINOS F50,x 180 ml,Cuidado Personal;Cuidado Corporal;Niños;Protectores Solares,Contiene microplásticos,27.0,9.81481481481481,5.66666666666667,10.6666666666667,4.2962962962963,4.33333333333333,11.8888888888889,37.8333333333333,37.8333333333333,3.63920099875155,4.58730158730159,2.5191537217966,3.27875243664718,1.38534728829686,2.82708185892899,2.88810632738839,2.88810632738839,,,,,,,,,,,,,,,,,,,,,,,,,,,,,,,,,,,,,,,,,0.15731047261161013
99,Cetaphil sun ultra mate & oil,56,14.682051,1.2641026,1.4871795,2.3589745,16.897436,10.051282,3.0230184,Solares,Cetaphil sun ultra mate & oil,50 ml,Cuidado Personal;Cuidado Corporal;Protectores Solares,"protector solar en gel, con color",56.0,12.5714285714286,1.57142857142857,16.7,4.21428571428571,11.6428571428571,19.1964285714286,54.5821428571429,54.5821428571429,4.66131621187801,1.27210884353741,3.94405004568778,3.21616541353383,3.72216936251189,4.56475583864119,4.16667045325457,4.16667045325457,,,,,,,,,,,,,,,,,,,,,,,,,,,,,,,,,,,,,,,,,-1.1436520532545695
100,Cetaphil sun kids loción liposomal FPS 50+,25,7.2173915,0.43913046,3.347826,2.0869565,9.913043,3.0434783,2.3758829,Solares,Cetaphil sun kids loción liposomal FPS 50+,150 ml,Cuidado Personal;Cuidado Corporal;Niños;Protectores Solares,,25.0,5.0,3.08,6.64,3.84,2.8,11.04,27.9,27.9,1.85393258426966,2.49333333333333,1.56817319181838,2.93052631578947,0.895147478591819,2.6252229299363,2.1298193797569,2.1298193797569,,,,,,,,,,,,,,,,,,,,,,,,,,,,,,,,,,,,,,,,,0.24606352024310008
102,Cetaphil UV defense FPS 50+,35,9.70606,1.1363636,5.818182,5.3333335,18.060608,13.272727,3.3613381,Solares,Cetaphil UV defense FPS 50+,50 ml,Cuidado Personal;Cuidado Corporal;Protectores Solares,Contiene microplásticos,35.0,10.7142857142857,5.48571428571429,10.1228571428571,5.02857142857143,12.5142857142857,18.9714285714286,53.1942857142857,53.1942857142857,3.97271268057784,4.44081632653062,2.39072186687284,3.83759398496241,4.00076117982874,4.51125265392781,4.06072475292514,4.06072475292514,,,,,,,,,,,,,,,,,,,,,,,,,,,,,,,,,,,,,,,,,-0.6993866529251394
103,Cetaphil UVA/UVB defense FPS 50+,35,9.70606,1.1363636,5.818182,5.3333335,18.060608,13.272727,3.3613381,Solares,Cetaphil UVA/UVB defense FPS 50+,50 ml,Cuidado Personal;Cuidado Corporal;Protectores Solares,Contiene microplásticos,35.0,10.7142857142857,5.48571428571429,10.1228571428571,5.02857142857143,12.5142857142857,18.9714285714286,53.1942857142857,53.1942857142857,3.97271268057784,4.44081632653062,2.39072186687284,3.83759398496241,4.00076117982874,4.51125265392781,4.06072475292514,4.06072475292514,,,,,,,,,,,,,,,,,,,,,,,,,,,,,,,,,,,,,,,,,-0.6993866529251394
3600542126885,DELIAL Sensitive Advanced leche solar Niños SPF-50+,29,14.922223,0.8518519,5.4814816,1.925926,16.592592,10.037037,3.9759016,Solares,DELIAL Sensitive Advanced leche solar Niños SPF-50+,50ml,Cuidado Personal;Cuidado Corporal;Niños;Protectores Solares,Contiene microplásticos,29.0,8.89655172413793,6.06896551724138,14.2379310344828,4.68965517241379,9.3448275862069,15.448275862069,50.6793103448276,50.6793103448276,3.29872142580395,4.91297208538588,3.3625815896438,3.57894736842105,2.98749958988157,3.67347536422872,3.86873753853506,3.86873753853506,,,,,,,,,,,,,,,,,,,,,,,,,,,,,,,,,,,,,,,,,0.10716406146493984
3600541126885,DELIAL Sensitive Advanced leche solar Niños SPF-50+,29,14.922223,0.8518519,5.4814816,1.925926,16.592592,10.037037,3.9759016,Solares,DELIAL Sensitive Advanced leche solar Niños SPF-50+,50ml,Cuidado Personal;Cuidado Corporal;Niños;Protectores Solares,Contiene microplásticos,29.0,8.89655172413793,6.06896551724138,14.2379310344828,4.68965517241379,9.3448275862069,15.448275862069,50.6793103448276,50.6793103448276,3.29872142580395,4.91297208538588,3.3625815896438,3.57894736842105,2.98749958988157,3.67347536422872,3.86873753853506,3.86873753853506,,,,,,,,,,,,,,,,,,,,,,,,,,,,,,,,,,,,,,,,,0.10716406146493984
3600541884809,DELIAL Sensitive Advanced leche solar Niños SPF-50+,29,14.922223,0.8518519,5.4814816,1.925926,16.592592,10.037037,3.9759016,Solares,DELIAL Sensitive Advanced leche solar Niños SPF-50+,200ml,Cuidado Personal;Cuidado Corporal;Niños;Protectores Solares,Contiene microplásticos,29.0,8.89655172413793,6.06896551724138,14.2379310344828,4.68965517241379,9.3448275862069,15.448275862069,50.6793103448276,50.6793103448276,3.29872142580395,4.91297208538588,3.3625815896438,3.57894736842105,2.98749958988157,3.67347536422872,3.86873753853506,3.86873753853506,,,,,,,,,,,,,,,,,,,,,,,,,,,,,,,,,,,,,,,,,0.10716406146493984
3600541889668,DELIAL Sensitive Advanced Niños Bruma Anti-Arena IP50+,29,9.259259,0.44814816,6.148148,4.3703704,20.11111,6.5555553,3.7793932,Solares,DELIAL Sensitive Advanced Niños Bruma Anti-Arena IP50+,200ml,Cuidado Personal;Cuidado Corporal;Niños;Protectores Solares,Contiene microplásticos,29.0,4.17241379310345,5.72413793103448,9.62068965517241,4.06896551724138,6.10344827586207,18.7241379310345,44.6586206896552,44.6586206896552,1.54707477721813,4.63382594417077,2.27212463916352,3.10526315789474,1.95124511959054,4.45244893476828,3.40913246659642,3.40913246659642,,,,,,,,,,,,,,,,,,,,,,,,,,,,,,,,,,,,,,,,,0.3702607334035797
4005808488476,NIVEA Kids spray solar para niños SPF-50+ extra resistente al agua spray,29,11.111112,0.59259266,2.7777777,1.8518518,8.962964,7.7037034,2.8439837,Solares,NIVEA Kids spray solar para niños SPF-50+ extra resistente al agua spray,300ml,Cuidado Personal;Cuidado Corporal;Niños;Protectores Solares,,29.0,6.48275862068966,3.55172413793103,10.4827586206897,4.62068965517241,7.17241379310345,8.3448275862069,34.8206896551724,34.8206896551724,2.40371948857032,2.8752052545156,2.47572003693804,3.52631578947368,2.29298861511205,1.98433267442712,2.65812830265544,2.65812830265544,,,,,,,,,,,,,,,,,,,,,,,,,,,,,,,,,,,,,,,,,0.18585539734456002
4005808473908,NIVEA Protege & Hidrata spray solar SPF-30 resistente al agua spray,29,10.148147,0.67777777,2.6666667,1.7777778,11.333333,5.185185,2.2549624,Solares,NIVEA Protege & Hidrata spray solar SPF-30 resistente al agua spray,300ml,Cuidado Personal;Cuidado Corporal;Protectores Solares,,29.0,6.31034482758621,2.48275862068966,7.6551724137931,1.6551724137931,4.82758620689655,10.551724137931,27.8034482758621,27.8034482758621,2.33979077876792,2.00985221674877,1.80792713223764,1.26315789473684,1.54335772171003,2.50911486931692,2.12244885168458,2.12244885168458,,,,,,,,,,,,,,,,,,,,,,,,,,,,,,,,,,,,,,,,,0.13251354831542006
4005900193780,NIVEA Protege & Hidrata spray solar SPF-50+ resistente al agua spray 300 ml,29,11.111112,0.59259266,2.7777777,1.8518518,8.962964,7.7037034,2.3171744,Solares,NIVEA Protege & Hidrata spray solar SPF-50+ resistente al agua spray 300 ml,300ml,Cuidado Personal;Cuidado Corporal;Protectores Solares,,29.0,6.48275862068966,3.55172413793103,10.4827586206897,4.62068965517241,7.17241379310345,8.3448275862069,34.8206896551724,34.8206896551724,2.40371948857032,2.8752052545156,2.47572003693804,3.52631578947368,2.29298861511205,1.98433267442712,2.65812830265544,2.65812830265544,,,,,,,,,,,,,,,,,,,,,,,,,,,,,,,,,,,,,,,,,-0.34095390265544
4005900619266,NIVEA Sensitive protección inmediata spray solar antialergias solares SPF-50+ resistente al agua spray,29,10.555556,0.8111111,2.8888888,1.925926,8.259259,6.8888893,2.2313719,Solares,NIVEA Sensitive protección inmediata spray solar antialergias solares SPF-50+ resistente al agua spray,300ml,Cuidado Personal;Cuidado Corporal;Protectores Solares,,29.0,8.51724137931035,3.6551724137931,9.89655172413793,4.68965517241379,6.41379310344828,7.68965517241379,33.1965517241379,33.1965517241379,3.15807826423867,2.95894909688013,2.33727516645136,3.57894736842105,2.05046097312905,1.8285379603192,2.53414549115309,2.53414549115309,,,,,,,,,,,,,,,,,,,,,,,,,,,,,,,,,,,,,,,,,-0.30277359115308977
4005808418244,NIVEA Protege & Hidrata leche solar SPF-30 resistente al agua frasco,29,12.814815,0.6148149,5.0,4.037037,11.296296,7.370371,2.7349644,Solares,NIVEA Protege & Hidrata leche solar SPF-30 resistente al agua frasco,400ml,Cuidado Personal;Cuidado Corporal;Protectores Solares,,29.0,5.72413793103448,4.6551724137931,10.2068965517241,3.75862068965517,6.86206896551724,10.5172413793103,36.5724137931035,36.5724137931035,2.12243316543975,3.76847290640394,2.41056950965017,2.86842105263158,2.19377276157355,2.50091514752177,2.79185074053908,2.79185074053908,,,,,,,,,,,,,,,,,,,,,,,,,,,,,,,,,,,,,,,,,-0.05688634053908004
4005808423316,NIVEA Protege & Hidrata leche solar SPF-30 resistente al agua frasco,29,12.814815,0.6148149,5.0,4.037037,11.296296,7.370371,2.7349644,Solares,NIVEA Protege & Hidrata leche solar SPF-30 resistente al agua frasco,200ml,Cuidado Personal;Cuidado Corporal;Protectores Solares,,29.0,5.72413793103448,4.6551724137931,10.2068965517241,3.75862068965517,6.86206896551724,10.5172413793103,36.5724137931035,36.5724137931035,2.12243316543975,3.76847290640394,2.41056950965017,2.86842105263158,2.19377276157355,2.50091514752177,2.79185074053908,2.79185074053908,,,,,,,,,,,,,,,,,,,,,,,,,,,,,,,,,,,,,,,,,-0.05688634053908004
4005808416202,NIVEA Protege & Hidrata leche solar SPF-10 resistente al agua frasco,29,12.384616,0.6192308,4.9615383,4.0,11.538462,5.615385,2.631505,Solares,NIVEA Protege & Hidrata leche solar SPF-10 resistente al agua frasco,200ml,Cuidado Personal;Cuidado Corporal;Protectores Solares,,29.0,5.82758620689655,4.6551724137931,9.75862068965517,3.75862068965517,5.20689655172414,10.7241379310345,34.6862068965517,34.6862068965517,2.16079039132119,3.76847290640394,2.30469990280744,2.86842105263158,1.66462154270154,2.5501134782927,2.64786220998327,2.64786220998327,,,,,,,,,,,,,,,,,,,,,,,,,,,,,,,,,,,,,,,,,-0.016357209983269616
3337875550628,La Roche-Posay Anthelios Dermo-Pedriatrics +50SPF,29,9.925925,0.71481484,3.851852,1.6296296,11.407408,10.370369,3.1739078,Solares,La Roche-Posay Anthelios Dermo-Pedriatrics +50SPF,250ml,Cuidado Personal;Cuidado Corporal;Niños;Protectores Solares,UVB+UVA,29.0,6.6551724137931,3.58620689655172,8.55172413793104,1.51724137931034,9.6551724137931,12.551724137931,36.5275862068966,36.5275862068966,2.46764819837272,2.90311986863711,2.01966634592313,1.1578947368421,3.08671544342007,2.98469873343582,2.78842870964836,2.78842870964836,,,,,,,,,,,,,,,,,,,,,,,,,,,,,,,,,,,,,,,,,0.38547909035163963
7890704851335,"NIVEA PROTETOR LABIAL SUN PROTECT FPS30 4,8G",29,10.907408,0.4740741,5.259259,4.4814816,10.222221,4.4074078,4.670207,Solares,"NIVEA PROTETOR LABIAL SUN PROTECT FPS30 4,8G",45 gr,Cuidado Personal;Cuidado Facial;Protectores Solares;Labial,,29.0,4.41379310344828,4.89655172413793,10.1551724137931,4.17241379310345,4.55172413793103,9.51724137931035,33.7344827586207,33.7344827586207,1.6365749709415,3.96387520525452,2.39835378578371,3.18421052631579,1.45516585189803,2.26312321546233,2.57520986184177,2.57520986184177,,,,,,,,,,,,,,,,,,,,,,,,,,,,,,,,,,,,,,,,,2.0949971381582304
7899706134231,ANTHELIOS XL PROTECT PROTETOR SOLAR FLUIDO FPS70 120ML,28,12.857692,0.79615384,5.769231,1.6923077,12.615385,9.346154,2.8348022,Solares,ANTHELIOS XL PROTECT PROTETOR SOLAR FLUIDO FPS70 120ML,120 ml,Cuidado Personal;Cuidado Corporal;Protectores Solares,,28.0,8.35714285714286,6.32142857142857,13.8678571428571,4.46428571428571,8.67857142857143,11.7142857142857,45.8821428571429,45.8821428571429,3.09871589085072,5.11734693877551,3.27518099388486,3.40695488721804,2.7745004757374,2.78556263269638,3.50253322730887,3.50253322730887,,,,,,,,,,,,,,,,,,,,,,,,,,,,,,,,,,,,,,,,,-0.6677310273088701
7899706111829,PROTETOR SOLAR FACIAL ANTIOLEOSIDADE LA ROCHE-POSAY ANTHELIOS AIRLICIUM FPS 30 50G,35,12.790322,0.9451613,4.483871,1.8709677,13.387096,10.870967,3.8054533,Solares,PROTETOR SOLAR FACIAL ANTIOLEOSIDADE LA ROCHE-POSAY ANTHELIOS AIRLICIUM FPS 30 50G,50,Cuidado Personal;Cuidado Facial;Protectores Solares,,35.0,8.91428571428571,4.25714285714286,12.7857142857143,1.77142857142857,12.8857142857143,12.4571428571429,45.0485714285714,45.0485714285714,3.30529695024076,3.44625850340136,3.01961059956422,1.35187969924812,4.11950523311134,2.96220806794056,3.4389003748722,3.4389003748722,,,,,,,,,,,,,,,,,,,,,,,,,,,,,,,,,,,,,,,,,0.36655292512780013
4005900183125,Eucerin Sun Protetor Solar Facial Gel Creme Oil Control Fps60,27,8.583333,0.35833332,6.5,1.9166666,14.125,7.0,2.5988402,Solares,Eucerin Sun Protetor Solar Facial Gel Creme Oil Control Fps60,52,Cuidado Personal;Cuidado Corporal;Protectores Solares,,27.0,4.2962962962963,7.03703703703704,9.0,4.66666666666667,7.44444444444444,14.0740740740741,42.6518518518519,42.6518518518519,1.59300873907615,5.69664902998237,2.12553595276587,3.56140350877193,2.37995559784333,3.34670126602186,3.25594052532596,3.25594052532596,,,,,,,,,,,,,,,,,,,,,,,,,,,,,,,,,,,,,,,,,-0.6571003253259597
299,TheChemistLook Protector Solar,45,8.75,0.38000003,5.625,5.375,15.425,6.875,2.8015714,Solares,TheChemistLook Protector Solar,74,Cuidado Personal;Cuidado Corporal;Protectores Solares,"Clínica y dermatológicamente testeado. Cruelty-free. Fórmula sin parabenos, fragancia ni alcohol. Sin TACC. Contiene microplásticos",45.0,6.57777777777778,7.35555555555556,10.3333333333333,5.17777777777778,7.62222222222222,17.7777777777778,48.9244444444444,48.9244444444444,2.43895131086142,5.95449735449736,2.44043016799044,3.9514619883041,2.43679035838884,4.2274121255013,3.7347752660078,3.7347752660078,,,,,,,,,,,,,,,,,,,,,,,,,,,,,,,,,,,,,,,,,-0.9332038660078004
30162457,La Roche-Posay Anthelios 50+ Shaka fluido com cor,26,7.9749994,0.435,2.25,1.5,9.900001,6.1499996,2.0711236,Solares,La Roche-Posay Anthelios 50+ Shaka fluido com cor,50ml,Cuidado Personal;Cuidado Corporal;Protectores Solares,UVB +UVA antioxidante,26.0,6.07692307692308,2.07692307692308,8.36538461538461,1.38461538461538,6.57692307692308,9.61538461538461,28.6269230769231,28.6269230769231,2.25324114088159,1.68131868131868,1.97565841763494,1.05668016194332,2.10261289614287,2.28646088518699,2.18531095168605,2.18531095168605,,,,,,,,,,,,,,,,,,,,,,,,,,,,,,,,,,,,,,,,,-0.11418735168604988
205133,RoC MINESOL FPS 70,41,10.71795,1.2641027,6.410257,4.1282053,15.179486,7.384616,3.8583016,Solares,RoC MINESOL FPS 70,50 gr,Cuidado Personal;Cuidado Facial;Protectores Solares,UVB+UVA,41.0,12.0243902439024,6.09756097560976,10.1951219512195,3.92682926829268,7.02439024390244,14.4390243902439,42.8853658536585,42.8853658536585,4.45848177582898,4.93612078977933,2.40778869446107,2.99679075738126,2.24566614838366,3.43348350680958,3.27376642663393,3.27376642663393,,,,,,,,,,,,,,,,,,,,,,,,,,,,,,,,,,,,,,,,,0.5845351733660697
7548608918,Hawaiian Tropic Baby,37,18.82353,1.0441177,5.617647,4.6764708,15.088236,13.911764,4.6054955,Solares,Hawaiian Tropic Baby,240 ml,Cuidado Personal;Cuidado Corporal;Niños;Protectores Solares,UVB+UVA,37.0,9.81081081081081,5.32432432432432,18.5405405405405,4.43243243243243,12.972972972973,16.027027027027,58.2783783783784,58.2783783783784,3.63771636805344,4.31016731016731,4.37873172251467,3.38264580369843,4.14740144521307,3.81109772192573,4.44883224699197,4.44883224699197,,,,,,,,,,,,,,,,,,,,,,,,,,,,,,,,,,,,,,,,,0.15666325300802963
30,"Aveeno Sunblock Spray, Continuous Protection, SPF 45",19,7.266667,0.8,2.3999999,1.2,7.133333,9.666667,2.0843081,Solares,"Aveeno Sunblock Spray, Continuous Protection, SPF 45",,Cuidado Personal;Cuidado Corporal;Protectores Solares,,19.0,9.42105263157895,6.15789473684211,9.73684210526316,6.0,9.10526315789474,8.57894736842105,40.5210526315789,40.5210526315789,3.49319929036073,4.98496240601504,2.29955644012682,4.57894736842105,2.91091191346588,2.04000446977315,3.09328040082029,3.09328040082029,,,,,,,,,,,,,,,,,,,,,,,,,,,,,,,,,,,,,,,,,-1.00897230082029
31,Dermaglos protector solar spray FPS 40,29,16.769232,0.07692308,3.3076923,5.230769,6.1153846,7.9615383,2.6490884,Solares,Dermaglos protector solar spray FPS 40,170ml,Cuidado Personal;Cuidado Corporal;Protectores Solares,UVB+UVA proteccion alta,29.0,1.79310344827586,4.06896551724138,18.3965517241379,7.86206896551724,7.6551724137931,6.0,44.1620689655172,44.1620689655172,0.664858581944981,3.29392446633826,4.34472578850801,6.0,2.44732438728305,1.42675159235669,3.37122689365302,3.37122689365302,,,,,,,,,,,,,,,,,,,,,,,,,,,,,,,,,,,,,,,,,-0.72213849365302
7796045102276,Rayito de sol Protector Solar FPS 65 pomo,31,17.999998,1.042857,4.6785717,2.7142856,11.928572,11.285715,3.1724453,Solares,Rayito de sol Protector Solar FPS 65 pomo,90 gr,Cuidado Personal;Cuidado Corporal;Protectores Solares,UVB+UVA proteccion alta,31.0,11.1612903225806,5.35483870967742,19.5322580645161,5.48387096774194,10.9032258064516,11.7096774193548,54.1,54.1,4.13845596230516,4.33486943164363,4.61294630609223,4.18505942275043,3.48571253184372,2.78446681734126,4.12986481881177,4.12986481881177,,,,,,,,,,,,,,,,,,,,,,,,,,,,,,,,,,,,,,,,,-0.9574195188117698
33,Avon Anew Solar Advance Ultra Matte Protector Solar FPS 50,37,13.939394,0.35454544,6.30303,2.6666667,17.575758,11.181818,4.356223,Solares,Avon Anew Solar Advance Ultra Matte Protector Solar FPS 50,50ml,Cuidado Personal;Cuidado Facial;Protectores Solares,uvb+uva,37.0,4.24324324324324,6.81081081081081,14.9324324324324,5.40540540540541,10.5135135135135,16.4594594594595,54.5459459459459,54.545945945946,1.57333738232614,5.51351351351351,3.52660244415358,4.12517780938834,3.36112325455808,3.91392666551902,4.16390726748559,4.1639072674856,,,,,,,,,,,,,,,,,,,,,,,,,,,,,,,,,,,,,,,,,0.19231573251440004
34,Avene PROTECTOR SOLAR EMULSIÓN,34,15.153335,0.77666676,5.866667,1.5333333,15.333333,9.233334,4.060156,Solares,Avene PROTECTOR SOLAR EMULSIÓN,50ml,Cuidado Personal;Cuidado Facial;Protectores Solares,uvb+uva,34.0,10.2352941176471,7.41176470588235,15.8705882352941,1.47058823529412,9.23529411764706,17.1470588235294,52.1588235294118,52.1588235294118,3.79510905485791,6.0,3.74816732062896,1.12229102167183,2.95248222980915,4.07743224678405,3.98168004223159,3.98168004223159,,,,,,,,,,,,,,,,,,,,,,,,,,,,,,,,,,,,,,,,,0.07847595776840999
4005808555741,Nivea Sun Kids Protector Solar Hidratante FPS 50,28,6.9399996,0.62799996,2.76,2.3999999,5.84,5.24,2.225072,Solares,Nivea Sun Kids Protector Solar Hidratante FPS 50,200ml,Cuidado Personal;Cuidado Corporal;Niños;Protectores Solares,alta proteccion UVB UVA a partir de 2 años,28.0,8.75,4.5,6.83928571428571,2.21428571428571,5.78571428571429,8.28571428571428,28.5,28.5,3.24438202247191,3.64285714285714,1.61523863077248,1.68984962406015,1.84966698382493,1.97027600849256,2.1756219470635,2.1756219470635,,,,,,,,,,,,,,,,,,,,,,,,,,,,,,,,,,,,,,,,,0.049450052936499844
37,UV Defender Hidratación Intensa FPS 50+,30,14.825,0.7642857,4.821429,2.4999998,11.892857,10.714286,3.8894005,Solares,UV Defender Hidratación Intensa FPS 50+,40gr,Cuidado Personal;Cuidado Facial;Protectores Solares,rayos UVB/UVA,30.0,7.13333333333333,4.5,14.8033333333333,2.33333333333333,10.0,13.0333333333333,45.3833333333333,45.3833333333333,2.64494382022471,3.64285714285714,3.49611302453082,1.78070175438596,3.19695528068507,3.09922151450813,3.46445529932977,3.46445529932977,,,,,,,,,,,,,,,,,,,,,,,,,,,,,,,,,,,,,,,,,0.4249452006702299
38,ISDIN Foto Ultra Age Repair Fusion Water SPF 50,41,15.641026,0.5846154,3.7435896,1.8974359,17.615385,16.179487,4.6175327,Solares,ISDIN Foto Ultra Age Repair Fusion Water SPF 50,50ml,Cuidado Personal;Cuidado Facial;Protectores Solares,,41.0,8.48780487804878,5.51219512195122,16.8292682926829,1.80487804878049,16.3658536585366,19.6829268292683,61.0439024390244,61.0439024390244,3.14716360646752,4.46225319396051,3.97457942387113,1.37740693196406,5.23209022765776,4.68044119931645,4.65994575020157,4.65994575020157,,,,,,,,,,,,,,,,,,,,,,,,,,,,,,,,,,,,,,,,,-0.042413050201569824
406,ISDIN Fotoprotector Fusion Water Urban SPF 30,29,12.388888,0.5407407,3.7407408,1.925926,12.814815,11.481482,3.700954,Solares,ISDIN Fotoprotector Fusion Water Urban SPF 30,50ml,Cuidado Personal;Cuidado Facial;Protectores Solares,,29.0,7.93103448275862,5.41379310344828,13.4655172413793,1.79310344827586,11.6551724137931,14.8275862068966,47.948275862069,47.948275862069,2.9407206509105,4.38259441707718,3.18016011323782,1.36842105263158,3.72610649955708,3.52588037191596,3.6602568873464,3.6602568873464,,,,,,,,,,,,,,,,,,,,,,,,,,,,,,,,,,,,,,,,,0.04069711265359999
7796045102320,Rayito de Sol FPS 15,25,15.500001,0.5,4.043478,2.6086955,6.2608695,10.434784,2.6432476,Solares,Rayito de Sol FPS 15,200 gr,Cuidado Personal;Cuidado Corporal;Protectores Solares,Oil Free Paraben Free Cruelty Free,25.0,4.6,3.72,15.22,2.4,10.56,7.68,40.04,40.04,1.70561797752809,3.01142857142857,3.59451746678851,1.83157894736842,3.37598477640343,1.82624203821656,3.05655799159377,3.05655799159377,,,,,,,,,,,,,,,,,,,,,,,,,,,,,,,,,,,,,,,,,-0.4133103915937699
7796045108131,Rayito de Sol FPS 50 Kids Spray Solar,16,11.153847,1.5538462,4.0769234,3.846154,6.23077,13.923076,3.3681335,Solares,Rayito de Sol FPS 50 Kids Spray Solar,250ml,Cuidado Personal;Cuidado Corporal;Niños;Protectores Solares,"Sin parabenos, Hipoalergénico, Resistente al agua, Biodegradable, CrueltyFree",16.0,13.6875,3.6875,11.5625,3.4375,13.1875,5.5,38.74375,38.74375,5.0751404494382,2.98511904761905,2.7307232726506,2.6233552631579,4.21598477640344,1.30785562632696,2.95760536180847,2.95760536180847,,,,,,,,,,,,,,,,,,,,,,,,,,,,,,,,,,,,,,,,,0.41052813819153
3760211481438,Crema protectora Niños SPF50+ Alga Maris,23,4.3333335,0.62857145,2.142857,0.0,3.3809526,3.2380953,1.5460882,Solares,Crema protectora Niños SPF50+ Alga Maris,100ml,Cuidado Personal;Cuidado Corporal;Niños;Protectores Solares,,23.0,5.73913043478261,1.95652173913043,3.95652173913043,0.0,4.8695652173913,3.08695652173913,14.4434782608696,14.4434782608696,2.12799218368344,1.58385093167702,0.934414356046831,0.0,1.55677822363795,0.73405335548786,1.10258064197482,1.10258064197482,,,,,,,,,,,,,,,,,,,,,,,,,,,,,,,,,,,,,,,,,0.44350755802517994
3760211482015,Protector Solar en Spray cara & cuerpo SPF 30 Alga Maris,19,5.5,0.5647059,1.8235295,0.0,2.1764708,6.9411764,1.7670751,Solares,Protector Solar en Spray cara & cuerpo SPF 30 Alga Maris,100ml,Cuidado Personal;Cuidado Corporal;Niños;Protectores Solares,,19.0,5.05263157894737,1.63157894736842,4.92105263157895,0.0,6.21052631578947,1.94736842105263,15.2157894736842,15.2157894736842,1.87344766410408,1.32080200501253,1.16220825487491,0.0,1.98547749010967,0.463068499273661,1.16153703581913,1.16153703581913,,,,,,,,,,,,,,,,,,,,,,,,,,,,,,,,,,,,,,,,,0.6055380641808701
97,Cetaphil Hidratante Facial Diario FPS 50,35,9.70606,1.1363636,5.818182,5.3333335,18.060608,13.272727,4.670207,Solares,Cetaphil Hidratante Facial Diario FPS 50,50 ml,Cuidado Personal;Cuidado Facial;Hidratantes,Contiene microplásticos,35.0,10.7142857142857,5.48571428571429,10.1228571428571,5.02857142857143,12.5142857142857,18.9714285714286,53.1942857142857,53.1942857142857,3.97271268057784,4.44081632653062,2.39072186687284,3.83759398496241,4.00076117982874,4.51125265392781,4.06072475292514,4.06072475292514,,,,,,,,,,,,,,,,,,,,,,,,,,,,,,,,,,,,,,,,,0.6094822470748609
45,Medihealth Umbrella Kids FPS 50,7,2.2,0.060000002,1.8000001,1.6,1.2,2.8000002,1.2724657,Solares,Medihealth Umbrella Kids FPS 50,120ml,Cuidado Personal;Cuidado Corporal;Niños;Protectores Solares,Falta 1 ingrediente no identificado en la foto.,7.0,4.42857142857143,2.14285714285714,4.28571428571429,2.85714285714286,3.0,0.857142857142857,13.5857142857143,13.5857142857143,1.64205457463884,1.73469387755102,1.01215997750756,2.18045112781955,0.959086584205521,0.203821656050955,1.03710098829944,1.03710098829944,,,,,,,,,,,,,,,,,,,,,,,,,,,,,,,,,,,,,,,,,0.23536471170055995
7896108560330,Cenoura e Bronze FPS50,31,12.896552,1.0862069,5.3793106,3.5517242,15.103448,6.965517,2.9327002,Solares,Cenoura e Bronze FPS50,200ml,Cuidado Personal;Cuidado Corporal;Protectores Solares,,31.0,11.1290322580645,6.0,14.0,6.2258064516129,6.51612903225806,14.1290322580645,47.9838709677419,47.9838709677419,4.12649510692279,4.85714285714286,3.30638925985802,4.75127334465195,2.08317731193027,3.35976987877542,3.66297413271868,3.66297413271868,,,,,,,,,,,,,,,,,,,,,,,,,,,,,,,,,,,,,,,,,-0.73027393271868
75047,KONÉ CARE BLOQUEADOR SOLAR FPS 35,8,0.6,0.080000006,0.4,0.0,0.4,0.6,0.7288877,Solares,KONÉ CARE BLOQUEADOR SOLAR FPS 35,110ml,Cuidado Personal;Cuidado Corporal;Protectores Solares,,8.0,0.5,0.375,0.5,0.0,0.5,0.375,1.8,1.8,0.185393258426966,0.303571428571429,0.118085330709215,0.0,0.159847764034253,0.0891719745222928,0.1374077019198,0.1374077019198,,,,,,,,,,,,,,,,,,,,,,,,,,,,,,,,,,,,,,,,,0.5914799980802
8282779402866,Avène Spray SPF +50 Niños,30,6.9642854,0.6678571,4.214286,1.5714285,12.321429,6.5,2.7927632,Solares,Avène Spray SPF +50 Niños,200ml,Cuidado Personal;Cuidado Corporal;Niños;Protectores Solares,,30.0,6.23333333333333,3.93333333333333,7.46666666666667,1.46666666666667,6.06666666666667,13.4333333333333,32.99,32.99,2.31123595505618,3.18412698412698,1.76340760525761,1.11929824561404,1.93948620361561,3.1943382873319,2.51837782574122,2.51837782574122,,,,,,,,,,,,,,,,,,,,,,,,,,,,,,,,,,,,,,,,,0.27438537425878007
779407,Fotoprotector ISDIN Fusion Water Color SPF 50,38,12.663636,0.7909091,2.909091,1.939394,10.818182,15.242425,3.8065486,Solares,Fotoprotector ISDIN Fusion Water Color SPF 50,50ml,Cuidado Personal;Cuidado Facial;Protectores Solares,,38.0,10.5,4.71052631578947,13.8921052631579,1.84210526315789,15.4736842105263,13.1842105263158,50.1526315789474,50.1526315789474,3.89325842696629,3.81328320802005,3.28090768849446,1.40581717451523,4.94686764484952,3.13509889373114,3.82853213916309,3.82853213916309,,,,,,,,,,,,,,,,,,,,,,,,,,,,,,,,,,,,,,,,,-0.021983539163089816
77950,Dermaglos Solar SPF80 UVA / UVB,25,8.956522,0.81739134,1.9565217,4.304348,7.260869,5.5217395,2.102324,Solares,Dermaglos Solar SPF80 UVA / UVB,90ml,Cuidado Personal;Cuidado Corporal;Protectores Solares,,25.0,8.48,1.8,9.2,3.96,5.08,8.6,29.488,29.488,3.14426966292134,1.45714285714286,2.17277008504956,3.0221052631579,1.62405328258802,2.04501061571125,2.25104350789504,2.25104350789504,,,,,,,,,,,,,,,,,,,,,,,,,,,,,,,,,,,,,,,,,-0.14871950789504007
111589,"Coppertone Waterbabies Pure & Simple Protector solar en loción, SPF 50",24,3.6666667,0.4,0.61904764,1.4285715,8.571429,1.2857144,1.6974237,Solares,"Coppertone Waterbabies Pure & Simple Protector solar en loción, SPF 50",177ml,Cuidado Personal;Cuidado Corporal;Niños;Protectores Solares,BROAD SPECTRUM UVA/UVB PROTECTION DERMATOLOGIST TESTED PEDIATRICIAN TESTED WATER RESISTANT (80 MIN) HYPOALLERGENIC Zinc Oxide 24.08%,24.0,3.70833333333333,1.58333333333333,4.625,1.33333333333333,2.20833333333333,9.0,19.1208333333333,19.1208333333333,1.375,1.28174603174603,1.09228930906024,1.01754385964912,0.705994291151285,2.14012738853503,1.4596387595138,1.4596387595138,,,,,,,,,,,,,,,,,,,,,,,,,,,,,,,,,,,,,,,,,0.23778494048620002
7548608975,Hawaiian Tropic Kids SPF50 UVA/UVB,37,18.571428,1.0371429,5.628571,4.6857142,16.485716,13.714286,4.670207,Solares,Hawaiian Tropic Kids SPF50 UVA/UVB,240ml,Cuidado Personal;Cuidado Corporal;Niños;Protectores Solares,,37.0,9.81081081081081,5.32432432432432,18.5405405405405,4.43243243243243,12.972972972973,17.5405405405405,59.7918918918919,59.7918918918919,3.63771636805344,4.31016731016731,4.37873172251467,3.38264580369843,4.14740144521307,4.17099902450219,4.56437025461222,4.56437025461222,,,,,,,,,,,,,,,,,,,,,,,,,,,,,,,,,,,,,,,,,0.10583674538778087
7793742032615,Dermaglos Solar FPS30 UBV/UVA,27,15.119999,0.17999999,3.48,6.08,9.0,7.8799996,2.7661276,Solares,Dermaglos Solar FPS30 UBV/UVA,380 ml,Cuidado Personal;Cuidado Corporal;Protectores Solares,"HIPOALERGÉNICO , NO COMEDOGÉNICO",27.0,1.66666666666667,3.22222222222222,14.0,5.62962962962963,7.2962962962963,8.33333333333333,38.6481481481481,38.6481481481481,0.617977528089888,2.60846560846561,3.30638925985802,4.2962962962963,2.33259329738874,1.98159943382873,2.95030734471834,2.95030734471834,,,,,,,,,,,,,,,,,,,,,,,,,,,,,,,,,,,,,,,,,-0.1841797447183402
7793742003493,Dermaglos Solar FPS20 UBV/UVA,26,14.458334,0.175,3.5833333,5.916667,7.3750005,7.375,2.6193876,Solares,Dermaglos Solar FPS20 UBV/UVA,250 ml,Cuidado Personal;Cuidado Corporal;Protectores Solares,"HIPOALERGÉNICO , NO COMEDOGÉNICO",26.0,1.61538461538462,3.30769230769231,13.3461538461538,5.46153846153846,6.80769230769231,6.80769230769231,35.8923076923077,35.8923076923077,0.598962834917892,2.67765567765568,3.15196998123827,4.16801619433198,2.17638878723561,1.61881430671239,2.73993306477687,2.73993306477687,,,,,,,,,,,,,,,,,,,,,,,,,,,,,,,,,,,,,,,,,-0.12054546477686978
7798177222570,Lidherma Autobronceante con extracto de nuez y aloe,24,9.105263,0.26842105,0.8947368,0.10526316,8.105264,4.7894735,4.670207,Solares,Lidherma Autobronceante con extracto de nuez y aloe,150 g,Cuidado Personal;Cuidado Corporal;Bronceador,,24.0,2.375,0.833333333333333,9.14583333333333,0.0833333333333333,5.29166666666667,7.375,22.9666666666667,22.9666666666667,0.880617977528089,0.674603174603175,2.15997750755606,0.0635964912280702,1.69172216936252,1.75371549893843,1.75322049301375,1.75322049301375,,,,,,,,,,,,,,,,,,,,,,,,,,,,,,,,,,,,,,,,,2.9169865069862504
2,Protector solar Vichy ideal soleil,31,13.535713,1.0785714,5.25,1.7857143,8.607142,6.2857137,2.4991627,Solares,Protector solar Vichy ideal soleil,,Cuidado Personal;Cuidado Corporal;Protectores Solares,,31.0,11.1290322580645,5.90322580645161,15.0838709677419,4.58064516129032,6.29032258064516,8.32258064516129,41.2935483870968,41.2935483870968,4.12649510692279,4.77880184331797,3.56236778320186,3.49575551782682,2.01098799914061,1.97904253133347,3.15225088221391,3.15225088221391,,,,,,,,,,,,,,,,,,,,,,,,,,,,,,,,,,,,,,,,,-0.6530881822139101
77958,Dermaglós protector solar FPS40 efecto seco,22,9.625001,0.080000006,3.3500001,4.7000003,6.55,6.3999996,2.487059,Solares,Dermaglós protector solar FPS40 efecto seco,180gr,Cuidado Personal; Cuidado Corporal;Protectores Solares,Sin T.A.C.C,22.0,1.68181818181818,4.0,10.6590909090909,7.13636363636364,5.81818181818182,5.95454545454545,33.7363636363636,33.7363636363636,0.623595505617976,3.23809523809524,2.51736455011917,5.44617224880383,1.86004670876222,1.41594286817216,2.57535344355746,2.57535344355746,,,,,,,,,,,,,,,,,,,,,,,,,,,,,,,,,,,,,,,,,-0.08829444355745997
77959,Dermaglós Protecor solar FPS30 efecto seco,22,9.625001,0.080000006,3.3500001,4.7000003,6.55,6.3999996,2.487059,Solares,Dermaglós Protecor solar FPS30 efecto seco,180gr,Cuidado Personal; Cuidado Corporal;Protectores Solares,Sin T.A.C.C,22.0,1.68181818181818,4.0,10.6590909090909,7.13636363636364,5.81818181818182,5.95454545454545,33.7363636363636,33.7363636363636,0.623595505617976,3.23809523809524,2.51736455011917,5.44617224880383,1.86004670876222,1.41594286817216,2.57535344355746,2.57535344355746,,,,,,,,,,,,,,,,,,,,,,,,,,,,,,,,,,,,,,,,,-0.08829444355745997
303760,La Roche-Posay autobronceante efecto natrual,22,2.975,0.0,1.7,0.0,5.8,3.0500002,2.975078,Solares,La Roche-Posay autobronceante efecto natrual,100 ml,Cuidado Personal;Cuidado Corporal;Bronceador,,22.0,0.0,2.5,2.70454545454545,0.0,2.77272727272727,7.18181818181818,15.1590909090909,15.1590909090909,0.0,2.02380952380952,0.638734288836208,0.0,0.886428509644495,1.70777842115421,1.15720880278417,1.15720880278417,,,,,,,,,,,,,,,,,,,,,,,,,,,,,,,,,,,,,,,,,1.8178691972158298
303761,La Roche-Posay ANTHELIOS XL GEL-CREMA TOQUE SECO FPS 50+,36,13.6125,0.79375,5.28125,1.8125,17.75,11.9375,3.731162,Solares,La Roche-Posay ANTHELIOS XL GEL-CREMA TOQUE SECO FPS 50+,50ml,Cuidado Personal; Cuidado Corporal;Protectores Solares,,36.0,8.47222222222222,6.0,14.9388888888889,4.63888888888889,11.4444444444444,17.9722222222222,55.8416666666667,55.8416666666667,3.14138576779026,4.85714285714286,3.52812726974533,3.54020467836257,3.65873771011734,4.27364944562396,4.26281949335454,4.26281949335454,,,,,,,,,,,,,,,,,,,,,,,,,,,,,,,,,,,,,,,,,-0.5316574933545399
77962,Cepage filtres fluide fps50,39,13.685714,1.0485715,5.885714,3.257143,16.285715,5.828572,3.4155536,Solares,Cepage filtres fluide fps50,50ml,Cuidado Personal; Cuidado Corporal;Protectores Solares,,39.0,9.58974358974359,5.43589743589744,12.4871794871795,3.02564102564103,5.30769230769231,14.9230769230769,42.1384615384615,42.1384615384615,3.55574762316335,4.40048840048841,2.94910543873784,2.30904183535763,1.69684549513285,3.54858729381021,3.2167495346866,3.2167495346866,,,,,,,,,,,,,,,,,,,,,,,,,,,,,,,,,,,,,,,,,0.1988040653134
77963,Cepage FILTRES Fluide Color 50+,34,14.862069,1.2103449,3.7931032,4.0,18.413794,3.2758622,3.3890553,Solares,Cepage FILTRES Fluide Color 50+,50ml,Cuidado Personal; Cuidado Corporal;Protectores Solares,,34.0,11.4705882352941,3.55882352941176,14.0588235294118,3.82352941176471,3.05882352941176,17.4705882352941,43.1176470588235,43.1176470588235,4.25313945803039,2.88095238095238,3.32028165170617,2.91795665634675,0.977892203503667,4.15436493068564,3.29149821918998,3.29149821918998,,,,,,,,,,,,,,,,,,,,,,,,,,,,,,,,,,,,,,,,,0.09755708081001968
78964,Chamaleon Protetor Solar Mineral Vegano em Bastão FPS 50,7,0.33333334,0.0,0.0,0.0,0.6666667,0.0,0.6827828,Solares,Chamaleon Protetor Solar Mineral Vegano em Bastão FPS 50,50gr,Cuidado Personal; Cuidado Corporal;Protectores Solares,,7.0,3.42857142857143,1.0,2.0,0.0,1.85714285714286,1.28571428571429,6.48571428571429,6.48571428571428,1.27126805778491,0.80952380952381,0.47234132283686,0.0,0.593720266412942,0.305732484076434,0.49510394183801,0.495103941838009,,,,,,,,,,,,,,,,,,,,,,,,,,,,,,,,,,,,,,,,,0.18767885816199104
77965,ACF protector solar dadatina,41,12.696969,1.1090909,6.242424,2.0,21.484848,6.3636365,3.6527758,Solares,ACF protector solar dadatina,50gr,Cuidado Personal; Cuidado Corporal;Protectores Solares,,41.0,10.5121951219512,7.02439024390244,14.3414634146341,1.90243902439024,6.0,23.6585365853659,53.9780487804878,53.9780487804878,3.89778021375718,5.68641114982579,3.38703290034235,1.45186136071887,1.91817316841104,5.62580912433328,4.12055535391205,4.12055535391205,,,,,,,,,,,,,,,,,,,,,,,,,,,,,,,,,,,,,,,,,-0.46777955391205017
77966,ISDIN FUSIÓN WATER,28,11.538462,0.50384617,3.6153846,1.8461539,14.730769,13.307693,3.3882742,Solares,ISDIN FUSIÓN WATER,50ml,Cuidado Personal; Cuidado Corporal;Protectores Solares,,28.0,7.0,5.28571428571429,11.9285714285714,1.71428571428571,12.4285714285714,15.8928571428571,47.95,47.95,2.59550561797753,4.27891156462586,2.8171786040627,1.30827067669173,3.97335870599429,3.77919320594478,3.66038850391912,3.66038850391912,,,,,,,,,,,,,,,,,,,,,,,,,,,,,,,,,,,,,,,,,-0.27211430391911984
77967,NATURA Loción Protectora Spray FPS 30,34,13.52,0.772,3.52,6.8399997,10.28,4.7200003,3.030498,Solares,NATURA Loción Protectora Spray FPS 30,30ml,Cuidado Personal; Cuidado Corporal;Protectores Solares,,34.0,10.3823529411765,5.35294117647059,15.4705882352941,6.55882352941176,5.73529411764706,13.0,47.1558823529412,47.1558823529412,3.84963648380701,4.33333333333334,3.65369905606159,5.00541795665634,1.83354788156938,3.09129511677282,3.5997674589545,3.5997674589545,,,,,,,,,,,,,,,,,,,,,,,,,,,,,,,,,,,,,,,,,-0.5692694589545
77968,NATURAL FRO PROTECTOR SOLAR FPS 30,5,0.0,0.0,0.0,0.0,0.0,0.0,0.622043,Solares,NATURAL FRO PROTECTOR SOLAR FPS 30,100ml,Cuidado Personal; Cuidado Corporal;Protectores Solares,,5.0,0.0,1.0,1.0,0.0,1.0,1.0,4.0,4.0,0.0,0.80952380952381,0.23617066141843,0.0,0.319695528068507,0.237791932059448,0.305350448710667,0.305350448710667,,,,,,,,,,,,,,,,,,,,,,,,,,,,,,,,,,,,,,,,,0.316692551289333
77970,Eucerin Sun Gel-Crema Oil Control Toque Seco FPS 50+,30,7.038461,0.53846157,3.8846154,3.5384614,8.269231,6.846154,2.4512458,Solares,Eucerin Sun Gel-Crema Oil Control Toque Seco FPS 50+,,Cuidado Personal; Cuidado Corporal;Protectores Solares,,30.0,4.9,3.56666666666667,5.56666666666667,3.26666666666667,6.23333333333333,9.46666666666667,28.59,28.59,1.81685393258427,2.88730158730159,1.3146833485626,2.49298245614035,1.99276879162703,2.25109695682944,2.18249233215949,2.18249233215949,,,,,,,,,,,,,,,,,,,,,,,,,,,,,,,,,,,,,,,,,0.26875346784051013
77971,DERMAGLOS PROTECTOR SOLAR con FPS 50,24,13.454545,0.64090914,5.0454545,4.545455,8.045454,8.318182,3.0546727,Solares,DERMAGLOS PROTECTOR SOLAR con FPS 50,250ml,Cuidado Personal; Cuidado Corporal;Protectores Solares,,24.0,6.83333333333333,5.58333333333333,14.25,7.04166666666667,7.625,7.375,42.5583333333333,42.5583333333333,2.53370786516854,4.51984126984127,3.36543192521263,5.37390350877193,2.43767840152237,1.75371549893843,3.24880154492786,3.24880154492786,,,,,,,,,,,,,,,,,,,,,,,,,,,,,,,,,,,,,,,,,-0.1941288449278602
77972,LA ROCHE POSAY HYDRAPHASE INTENSE UV LIGERA,33,13.209678,0.3677419,4.483871,1.7419355,10.451612,12.806451,3.2375774,Solares,LA ROCHE POSAY HYDRAPHASE INTENSE UV LIGERA,50ml,Cuidado Personal; Cuidado Corporal;Protectores Solares,,33.0,3.45454545454545,5.18181818181818,12.4090909090909,1.63636363636364,12.030303030303,11.7575757575758,43.3606060606061,43.3606060606061,1.28089887640449,4.19480519480519,2.93066320760143,1.2488038277512,3.84603408009688,2.79585665572927,3.31004512924313,3.31004512924313,,,,,,,,,,,,,,,,,,,,,,,,,,,,,,,,,,,,,,,,,-0.07246772924312994
77973,Natura Gel Crema Protector Facial FPS 50,44,19.904762,1.6952381,7.5714293,6.5952377,20.785715,10.095238,4.670207,Solares,Natura Gel Crema Protector Facial FPS 50,50gr,Cuidado Personal; Cuidado Corporal;Protectores Solares,,44.0,16.1818181818182,7.22727272727273,19.0,6.29545454545455,10.6136363636364,19.8409090909091,64.5954545454545,64.5954545454545,6.0,5.85064935064936,4.48724256695017,4.80442583732058,3.39313208199985,4.71800810654313,4.931062757531,4.931062757531,,,,,,,,,,,,,,,,,,,,,,,,,,,,,,,,,,,,,,,,,-0.260855757531
77974,Dermaglos protector solar 50fps crema con color tono medio,27,12.386363,0.4909091,3.3636365,3.9090908,4.9090915,6.772727,2.5555015,Solares,Dermaglos protector solar 50fps crema con color tono medio,50gr,Cuidado Personal; Cuidado Corporal;Protectores Solares,,27.0,5.51851851851852,4.14814814814815,13.7592592592593,6.66666666666667,6.33333333333333,6.33333333333333,37.7925925925926,37.7925925925926,2.0461922596754,3.35802469135803,3.24953335988693,5.08771929824562,2.02473834443388,1.50601556970983,2.88499627652189,2.88499627652189,,,,,,,,,,,,,,,,,,,,,,,,,,,,,,,,,,,,,,,,,-0.32949477652188985
77975,Isdin Fotoprotector gel cream dry touch SPF 50+,34,10.125,1.109375,6.25,3.6875,16.34375,7.96875,3.8869967,Solares,Isdin Fotoprotector gel cream dry touch SPF 50+,,Cuidado Personal;Cuidado Facial;Protectores Solares,,34.0,10.4411764705882,5.88235294117647,9.52941176470588,3.47058823529412,7.5,15.3823529411765,42.8088235294118,42.8088235294118,3.87144745538663,4.76190476190476,2.25056747939916,2.64860681114551,2.3977164605138,3.65779942550269,3.26792336837041,3.26792336837041,,,,,,,,,,,,,,,,,,,,,,,,,,,,,,,,,,,,,,,,,0.6190733316295902
77976,Savia tierra protector facial fps 60 sin color,22,7.4444447,0.37777779,1.8888888,1.5555556,11.166666,1.7777778,2.359962,Solares,Savia tierra protector facial fps 60 sin color,70ml,Cuidado Personal;Cuidado Facial;Protectores Solares,,22.0,3.40909090909091,2.68181818181818,8.45454545454546,3.36363636363636,1.54545454545455,9.90909090909091,26.2954545454545,26.2954545454545,1.26404494382022,2.17099567099567,1.99671559199218,2.56698564593301,0.494074907014967,2.35630187222544,2.00733221112637,2.00733221112637,,,,,,,,,,,,,,,,,,,,,,,,,,,,,,,,,,,,,,,,,0.35262978887362983
7790375268428,Bagovit solar fps50,36,17.102942,1.0941176,6.0,2.8235295,13.67647,11.647058,3.8014145,Solares,Bagovit solar fps50,200ml,Cuidado Personal; Cuidado Corporal;Protectores Solares,,36.0,11.3055555555556,6.63888888888889,18.0972222222222,5.58333333333333,11.0,12.9166666666667,55.3666666666667,55.3666666666667,4.19194756554308,5.37433862433863,4.27403294205853,4.2609649122807,3.51665080875358,3.07147912243454,4.22655912757015,4.22655912757015,,,,,,,,,,,,,,,,,,,,,,,,,,,,,,,,,,,,,,,,,-0.42514462757015004
77978,PROTECTOR SOLAR FACIAL con FPS 50 - Efecto Seco - Sin Color,27,12.8125,0.42083335,4.0416665,1.4166666,11.583333,3.0833335,3.0165672,Solares,PROTECTOR SOLAR FACIAL con FPS 50 - Efecto Seco - Sin Color,,Cuidado Personal;Cuidado Facial;Protectores Solares,,27.0,4.74074074074074,4.62962962962963,13.6111111111111,4.14814814814815,2.81481481481481,12.6296296296296,38.3074074074074,38.3074074074074,1.75780274656679,3.74779541446208,3.21454511375085,3.16569200779727,0.899883708637277,3.00322403082487,2.92429601019854,2.92429601019854,,,,,,,,,,,,,,,,,,,,,,,,,,,,,,,,,,,,,,,,,0.0922711898014601
3282770104622,Avené FLUIDO ULTRA MAT SPF 50+,33,10.166667,0.5133333,1.4,0.0,9.8,7.1666665,2.707067,Solares,Avené FLUIDO ULTRA MAT SPF 50+,,Cuidado Personal;Cuidado Facial;Protectores Solares,,33.0,5.78787878787879,1.27272727272727,11.2121212121212,0.0,6.57575757575758,12.969696969697,32.6090909090909,32.6090909090909,2.14606741573034,1.03030303030303,2.64797408257027,0.0,2.1022402906323,3.08408930064981,2.48930013528446,2.48930013528446,,,,,,,,,,,,,,,,,,,,,,,,,,,,,,,,,,,,,,,,,0.21776686471553974
779980,Loreal UV Defender Protector Solar FPS50,46,18.208109,0.6216216,5.9459457,1.8378378,11.135135,13.0,4.2648764,Solares,Loreal UV Defender Protector Solar FPS50,,Cuidado Personal;Cuidado Facial;Protectores Solares,,46.0,6.76086956521739,6.47826086956522,18.4065217391304,4.71739130434783,11.6739130434783,10.195652173913,52.1478260869565,52.1478260869565,2.50683927699071,5.24430641821947,4.34708041354314,3.60011441647598,3.73209779506063,2.42444382904088,3.98084052373449,3.98084052373449,,,,,,,,,,,,,,,,,,,,,,,,,,,,,,,,,,,,,,,,,0.2840358762655102
779981,Eximia SOLAIRE EXTRÊME FLUIDE COLOR,35,14.666667,1.2,3.766667,4.0,18.966667,3.2333336,2.9763923,Solares,Eximia SOLAIRE EXTRÊME FLUIDE COLOR,50ml,Cuidado Personal;Cuidado Corporal;Protectores Solares,,35.0,11.4,3.54285714285714,13.9142857142857,3.82857142857143,3.02857142857143,18.0571428571429,43.5114285714286,43.5114285714286,4.22696629213483,2.86802721088435,3.28614606030787,2.9218045112782,0.968220742150336,4.29384288747346,3.32155855958196,3.32155855958196,,,,,,,,,,,,,,,,,,,,,,,,,,,,,,,,,,,,,,,,,-0.3451662595819598
7798120266194,Caviahue protector solar FPS 50+,33,17.285713,1.0857143,6.107143,3.2142856,13.25,9.392858,3.2076693,Solares,Caviahue protector solar FPS 50+,150gr,Cuidado Personal;Cuidado Corporal;Protectores Solares,,33.0,11.3939393939394,6.6969696969697,18.2272727272727,5.87878787878788,8.72727272727273,12.6666666666667,53.3363636363636,53.3363636363636,4.22471910112359,5.42135642135643,4.30474705585411,4.48644338118022,2.79007006314333,3.01203113941968,4.07157064223973,4.07157064223973,,,,,,,,,,,,,,,,,,,,,,,,,,,,,,,,,,,,,,,,,-0.8639013422397301
7798120266170,Caviahue spray solar fps 50,13,10.65,0.37,4.1,1.4,8.7,8.0,2.3284755,Solares,Caviahue spray solar fps 50,170ml,Cuidado Personal;Cuidado Corporal;Protectores Solares,,13.0,4.76923076923077,4.46153846153846,12.6923076923077,4.0,8.0,8.38461538461539,38.0153846153846,38.0153846153846,1.76836646499568,3.61172161172161,2.99755070261854,3.05263157894737,2.55756422454805,1.99379389188306,2.90200368755407,2.90200368755407,,,,,,,,,,,,,,,,,,,,,,,,,,,,,,,,,,,,,,,,,-0.5735281875540696
779984,Caviahue PROTECTOR SOLAR FPS 70+,24,10.150001,0.9699999,5.45,1.8,9.85,5.25,2.3413174,Solares,Caviahue PROTECTOR SOLAR FPS 70+,90gr,Cuidado Personal;Cuidado Corporal;Protectores Solares,,24.0,9.91666666666667,5.91666666666667,11.0833333333333,4.54166666666667,4.79166666666667,8.95833333333333,36.2833333333333,36.2833333333333,3.67696629213483,4.78968253968254,2.61755816405426,3.46600877192983,1.53187440532826,2.13021939136588,2.769783028513,2.769783028513,,,,,,,,,,,,,,,,,,,,,,,,,,,,,,,,,,,,,,,,,-0.42846562851299996
779985,Eucerin Sun Face Oil Control FPS30,31,6.333334,0.51111114,3.8518517,3.4074073,10.481482,7.2962966,2.9105558,Solares,Eucerin Sun Face Oil Control FPS30,,Cuidado Personal;Cuidado Facial;Protectores Solares,,31.0,4.64516129032258,3.45161290322581,5.70967741935484,3.09677419354839,6.61290322580645,9.45161290322581,28.7870967741935,28.7870967741936,1.72236317506343,2.7941628264209,1.34845829261491,2.36332767402377,2.11411558884013,2.24751729333607,2.19753822926934,2.19753822926935,,,,,,,,,,,,,,,,,,,,,,,,,,,,,,,,,,,,,,,,,0.7130175707306501
779988,Villaneuve protector solar en crema FPS 25,27,8.714286,0.85238093,2.4285715,3.0476193,6.571429,4.3333335,1.9549105,Solares,Villaneuve protector solar en crema FPS 25,130gr,Cuidado Personal;Cuidado Corporal;Protectores Solares,,27.0,7.66666666666667,3.85185185185185,12.5925925925926,4.59259259259259,5.81481481481481,6.66666666666667,34.2851851851852,34.2851851851852,2.84269662921348,3.11816578483245,2.97400092156542,3.50487329434698,1.8589702928428,1.58527954706298,2.61724917010615,2.61724917010615,,,,,,,,,,,,,,,,,,,,,,,,,,,,,,,,,,,,,,,,,-0.6623386701061502
779989,La roche posay ANTHELIOS DP LOCIÓN FPS 50+ PANTALLA SOLAR PARA NIÑOS,30,8.115385,0.70384616,3.8461537,1.6153846,11.346154,8.3076935,2.9069128,Solares,La roche posay ANTHELIOS DP LOCIÓN FPS 50+ PANTALLA SOLAR PARA NIÑOS,250ml,Cuidado Personal;Cuidado Corporal;Niños;Protectores Solares,,30.0,6.76666666666667,3.6,8.6,1.53333333333333,7.73333333333333,12.6333333333333,34.7766666666667,34.7766666666667,2.50898876404494,2.91428571428572,2.0310676881985,1.17017543859649,2.47231208372979,3.00410474168435,2.65476769283199,2.65476769283199,,,,,,,,,,,,,,,,,,,,,,,,,,,,,,,,,,,,,,,,,0.2521451071680101
4005800066627,Eucerin Sun Kids Spray FPS 50+,27,7.863637,0.4909091,2.7272727,1.8181819,7.1363635,5.681818,2.3536878,Solares,Eucerin Sun Kids Spray FPS 50+,200ml,Cuidado Personal;Cuidado Corporal;Niños;Protectores Solares,,27.0,5.51851851851852,3.51851851851852,8.0,4.59259259259259,6.14814814814815,7.40740740740741,30.2185185185185,30.2185185185185,2.0461922596754,2.84832451499118,1.88936529134744,3.50487329434698,1.96553546886564,1.76142171895887,2.3068095472503,2.3068095472503,,,,,,,,,,,,,,,,,,,,,,,,,,,,,,,,,,,,,,,,,0.04687825274969981
7793742004650,Dermaglos PROTECTOR SOLAR BEBÉS con FPS 65,26,10.291667,0.74583334,3.875,3.9583335,7.958334,4.7499995,2.7483168,Solares,Dermaglos PROTECTOR SOLAR BEBÉS con FPS 65,120gr,Cuidado Personal;Cuidado Corporal;Niños;Protectores Solares,,26.0,7.84615384615385,3.57692307692308,10.4615384615385,3.65384615384615,4.38461538461539,9.26923076923077,32.1307692307692,32.1307692307692,2.90924805531547,2.8956043956044,2.47070845791589,2.78846153846154,1.40174193076192,2.20414829332026,2.45278620050856,2.45278620050856,,,,,,,,,,,,,,,,,,,,,,,,,,,,,,,,,,,,,,,,,0.2955305994914399
3337875654586,Vichy Protector Solar Niños Idéal Soleil Spray,24,10.409091,0.8590909,4.0,1.6363636,11.590909,8.272728,3.097701,Solares,Vichy Protector Solar Niños Idéal Soleil Spray,200ml,Cuidado Personal;Cuidado Corporal;Niños;Protectores Solares,,24.0,7.875,3.66666666666667,8.91666666666667,1.5,7.58333333333333,12.5416666666667,34.9958333333333,34.9958333333333,2.91994382022472,2.96825396825397,2.10585506431434,1.14473684210526,2.42435775451951,2.98230714791225,2.67149835283426,2.67149835283426,,,,,,,,,,,,,,,,,,,,,,,,,,,,,,,,,,,,,,,,,0.42620264716573963
7798120266200,Caviahue Protector Solar FPS70 Pediatrico,24,9.368421,0.89473695,5.473684,1.7894737,8.473683,5.315789,2.7305832,Solares,Caviahue Protector Solar FPS70 Pediatrico,90ml,Cuidado Personal;Cuidado Corporal;Niños;Protectores Solares,,24.0,9.91666666666667,5.91666666666667,11.0833333333333,4.54166666666667,4.79166666666667,8.95833333333333,36.2833333333333,36.2833333333333,3.67696629213483,4.78968253968254,2.61755816405426,3.46600877192983,1.53187440532826,2.13021939136588,2.769783028513,2.769783028513,,,,,,,,,,,,,,,,,,,,,,,,,,,,,,,,,,,,,,,,,-0.03919982851299997
4005808555741b,NIVEA BLOQUEADOR SOLAR FPS 60 SENSITIVE PROTECT & PLAY,33,9.106451,0.816129,2.9032257,1.9354838,8.387097,7.7419353,2.7019358,Solares,NIVEA BLOQUEADOR SOLAR FPS 60 SENSITIVE PROTECT & PLAY,200ml,Cuidado Personal;Cuidado Corporal;Niños;Protectores Solares,,33.0,8.63636363636364,3.6969696969697,10.4939393939394,4.72727272727273,7.27272727272727,7.87878787878788,34.9333333333333,34.9333333333333,3.20224719101123,2.992784992785,2.47836060755159,3.60765550239235,2.32505838595278,1.87351219198353,2.66672725207315,2.66672725207315,,,,,,,,,,,,,,,,,,,,,,,,,,,,,,,,,,,,,,,,,0.03520854792685002
7796045102276b,Rayito De Sol Protector Solar Kids Fps65 Pediatric,24,10.636364,0.48636362,6.090909,1.9090909,9.0,4.636363,2.827763,Solares,Rayito De Sol Protector Solar Kids Fps65 Pediatric,90gr,Cuidado Personal;Cuidado Corporal;Niños;Protectores Solares,,24.0,5.41666666666667,6.54166666666667,11.6666666666667,4.625,4.25,8.25,35.875,35.875,2.00842696629213,5.29563492063493,2.75532438321503,3.5296052631579,1.35870599429115,1.96178343949044,2.73861183687379,2.73861183687379,,,,,,,,,,,,,,,,,,,,,,,,,,,,,,,,,,,,,,,,,0.08915116312621008
8429420196377,ISDIN FOTO PEDIATRIC FUSION WATER SPF50,28,9.961538,0.49615383,3.6153846,1.8461539,14.538462,11.846153,3.470426,Solares,ISDIN FOTO PEDIATRIC FUSION WATER SPF50,50gr,Cuidado Personal;Cuidado Corporal;Niños;Protectores Solares,,28.0,7.25,5.28571428571429,11.0357142857143,1.71428571428571,11.7142857142857,16.1071428571429,46.5821428571429,46.5821428571429,2.68820224719101,4.27891156462586,2.60631194208197,1.30827067669173,3.74500475737393,3.83014861995754,3.55596955583324,3.55596955583324,,,,,,,,,,,,,,,,,,,,,,,,,,,,,,,,,,,,,,,,,-0.08554355583324025
3504105036775,Mustela Very High Protection Sun Lotion - SPF 50+,21,3.4736843,0.6631579,0.0,1.8947369,8.157894,1.7368422,1.6943861,Solares,Mustela Very High Protection Sun Lotion - SPF 50+,100ml,Cuidado Personal;Cuidado Corporal;Niños;Protectores Solares,,21.0,6.0,0.0,2.9047619047619,1.71428571428571,3.23809523809524,7.19047619047619,15.647619047619,15.647619047619,2.22471910112359,0.0,0.686019540310677,1.30827067669173,1.03520456707898,1.70983722576079,1.19450187436101,1.19450187436101,,,,,,,,,,,,,,,,,,,,,,,,,,,,,,,,,,,,,,,,,0.49988422563898993
77999,Sentida botánica protector solar FPS30,19,3.8357143,0.4,0.0,0.0,0.71428573,5.571429,1.1625037,Solares,Sentida botánica protector solar FPS30,125gr,Cuidado Personal;Cuidado Corporal;Protectores Solares,,19.0,3.57894736842105,0.947368421052632,4.54210526315789,0.0,6.05263157894737,1.57894736842105,13.4789473684211,13.4789473684211,1.32702542874039,0.766917293233083,1.07271200423213,0.0,1.9349992488357,0.375460945357022,1.02895065677371,1.02895065677371,,,,,,,,,,,,,,,,,,,,,,,,,,,,,,,,,,,,,,,,,0.13355304322629014
779100,WENEAR PROTECTOR SOLAR FPS30+,17,1.9285715,0.54285717,1.0,0.0,3.0714285,2.757143,1.099762,Solares,WENEAR PROTECTOR SOLAR FPS30+,30ml,Cuidado Personal;Cuidado Corporal;Protectores Solares,,17.0,4.70588235294118,0.882352941176471,1.70588235294118,0.0,2.38823529411765,2.58823529411765,8.03529411764706,8.03529411764706,1.74487772637145,0.714285714285715,0.402879363596146,0.0,0.763508143504788,0.615461471212688,0.613395166086428,0.613395166086428,,,,,,,,,,,,,,,,,,,,,,,,,,,,,,,,,,,,,,,,,0.48636683391357194
779101,Umbrella Protector Solar Piel Sensible Spf 50,28,4.809524,0.8380952,2.857143,1.8095238,8.380953,3.904762,1.7829515,Solares,Umbrella Protector Solar Piel Sensible Spf 50,60gr,Cuidado Personal;Cuidado Corporal;Protectores Solares,,28.0,10.8214285714286,2.71428571428571,6.21428571428571,1.71428571428571,4.53571428571429,11.3571428571429,27.6178571428571,27.6178571428571,4.01243980738363,2.19727891156462,1.46763196738596,1.30827067669173,1.4500475737393,2.70063694267516,2.10828126774963,2.10828126774963,,,,,,,,,,,,,,,,,,,,,,,,,,,,,,,,,,,,,,,,,-0.32532976774962985
779102,PROTECTOR SOLAR FACIAL BIOACTIV FPS 50,12,3.9999998,0.25555557,0.0,0.0,5.333333,1.4444444,1.4140363,Solares,PROTECTOR SOLAR FACIAL BIOACTIV FPS 50,30gr,Cuidado Personal;Cuidado Facial;Protectores Solares,,12.0,3.08333333333333,1.0,5.5,3.83333333333333,1.33333333333333,6.33333333333333,18.3083333333333,18.3083333333333,1.14325842696629,0.80952380952381,1.29893863780137,2.92543859649123,0.426260704091341,1.50601556970983,1.39761444961945,1.39761444961945,,,,,,,,,,,,,,,,,,,,,,,,,,,,,,,,,,,,,,,,,0.016421850380549996
779103,Natura protector solar ekos buriti,37,8.415152,0.4909091,1.4242425,0.0,2.6666665,5.787879,1.586976,Solares,Natura protector solar ekos buriti,120ml,Cuidado Personal;Cuidado Corporal;Protectores Solares,,37.0,4.59459459459459,1.35135135135135,7.99189189189189,0.0,7.43243243243243,2.48648648648649,19.7216216216216,19.7216216216216,1.70361372608563,1.09395109395109,1.8874503940927,0.0,2.37611541131998,0.59126642566133,1.50550150286604,1.50550150286604,,,,,,,,,,,,,,,,,,,,,,,,,,,,,,,,,,,,,,,,,0.08147449713396004
779104,Aurelia protector solar facial fps 40,14,2.8888888,0.35555556,1.0,0.0,1.0,2.5555556,1.1819416,Solares,Aurelia protector solar facial fps 40,60ml,Cuidado Personal;Cuidado Facial;Protectores Solares,,14.0,2.57142857142857,0.857142857142857,2.14285714285714,0.0,3.78571428571429,0.857142857142857,7.9,7.9,0.953451043338682,0.693877551020408,0.506079988753778,0.0,1.21027592768792,0.203821656050955,0.603067136203567,0.603067136203567,,,,,,,,,,,,,,,,,,,,,,,,,,,,,,,,,,,,,,,,,0.578874463796433
779105,Ecodherm protector solar spf 30 UVA,14,1.909091,0.5,1.0,0.0,1.909091,2.3909092,1.0180407,Solares,Ecodherm protector solar spf 30 UVA ,,Cuidado Personal;Cuidado Corporal;Protectores Solares,,14.0,4.21428571428571,0.857142857142857,1.64285714285714,0.0,3.87857142857143,1.57142857142857,8.37142857142857,8.37142857142857,1.56260032102728,0.693877551020408,0.387994658044563,0.0,1.23996194100857,0.373673036093417,0.639054867658752,0.639054867658752,,,,,,,,,,,,,,,,,,,,,,,,,,,,,,,,,,,,,,,,,0.37898583234124805
779106,ISDIN AGE REPAIR FUSION WATER 50 DAYLI,42,15.641026,0.5846154,3.7435896,1.8974359,16.435898,16.179487,4.532867,Solares,ISDIN AGE REPAIR FUSION WATER 50 DAYLI,,Cuidado Personal;Cuidado Facial;Protectores Solares,,42.0,8.47619047619048,6.07142857142857,16.8095238095238,1.80952380952381,16.3333333333333,19.6428571428571,61.5142857142857,61.5142857142857,3.14285714285714,4.91496598639456,3.96991635622409,1.38095238095238,5.22169362511894,4.67091295116771,4.69585368624332,4.69585368624332,,,,,,,,,,,,,,,,,,,,,,,,,,,,,,,,,,,,,,,,,-0.16298668624331913
779107,Agua Protectora Solar Hidratante FPS 50 CAPITAL SOLEIL,23,11.357142,0.59523815,3.8095238,1.3333334,8.428572,6.0952387,2.2462382,Solares,Agua Protectora Solar Hidratante FPS 50 CAPITAL SOLEIL,,Cuidado Personal;Cuidado Corporal;Protectores Solares,,23.0,6.39130434782609,4.43478260869565,10.195652173913,4.08695652173913,4.82608695652174,7.56521739130435,31.7478260869565,31.7478260869565,2.36980947728383,3.59006211180124,2.40791391750529,3.11899313501144,1.54287841806975,1.798947659928,2.42355323531009,2.42355323531009,,,,,,,,,,,,,,,,,,,,,,,,,,,,,,,,,,,,,,,,,-0.17731503531009007
779108,Capital Soleil BB Cream con Protección Solar,40,16.524998,0.8055555,6.75,4.611111,22.583334,12.055554,3.875183,Solares,Capital Soleil BB Cream con Protección Solar,,Cuidado Personal;Cuidado Corporal;Protectores Solares,,40.0,11.7,6.475,16.9125,4.4,12.65,21.775,63.3825,63.3825,4.33820224719101,5.24166666666667,3.9942363112392,3.35789473684211,4.04414843006661,5.17791932059447,4.83846870385096,4.83846870385096,,,,,,,,,,,,,,,,,,,,,,,,,,,,,,,,,,,,,,,,,-0.9632857038509606
779109,Veganis Protetor Solar 50 fps,32,15.844828,1.0551723,5.965517,3.1034484,12.4482765,8.4827585,3.0311847,Solares,Veganis Protetor Solar 50 fps,135ml,Cuidado Personal;Cuidado Corporal;Protectores Solares,,32.0,10.9375,6.625,17.25,5.84375,8.25,11.84375,50.90625,50.90625,4.05547752808988,5.36309523809524,4.07394390946792,4.45970394736842,2.63748810656518,2.81634819532908,3.88606156991934,3.88606156991934,,,,,,,,,,,,,,,,,,,,,,,,,,,,,,,,,,,,,,,,,-0.8548768699193401
779110,PROTECTOR SOLAR DIARIO 50 FPS,32,16.724136,1.0931034,6.068965,3.1724138,13.034483,8.931034,3.1402965,Solares,PROTECTOR SOLAR DIARIO 50 FPS,60gr,Cuidado Personal;Cuidado Corporal;Protectores Solares,,32.0,11.21875,6.625,17.4375,5.84375,8.25,12.125,51.403125,51.403125,4.15976123595505,5.36309523809524,4.11822590848388,4.45970394736842,2.63748810656518,2.8832271762208,3.92399182097012,3.92399182097012,,,,,,,,,,,,,,,,,,,,,,,,,,,,,,,,,,,,,,,,,-0.7836953209701201
779111,Aurelia Solare 40 - Pantalla solar mineral FPS 40,14,2.8888888,0.35555556,1.0,0.0,1.0,2.5555556,1.1819416,Solares,Aurelia Solare 40 - Pantalla solar mineral FPS 40,,Cuidado Personal;Cuidado Facial;Protectores Solares,,14.0,2.57142857142857,0.857142857142857,2.14285714285714,0.0,3.78571428571429,0.857142857142857,7.9,7.9,0.953451043338682,0.693877551020408,0.506079988753778,0.0,1.21027592768792,0.203821656050955,0.603067136203567,0.603067136203567,,,,,,,,,,,,,,,,,,,,,,,,,,,,,,,,,,,,,,,,,0.578874463796433
779112,Caviahue protector solar fps50,12,9.666667,0.36666667,4.0,1.3333334,8.222222,7.4444447,2.2161515,Solares,Caviahue protector solar fps50,170ml,Cuidado Personal;Cuidado Corporal;Protectores Solares,,12.0,4.5,4.33333333333333,11.7083333333333,3.91666666666667,7.5,7.75,35.6583333333333,35.6583333333333,1.66853932584269,3.50793650793651,2.76516482744078,2.9890350877193,2.3977164605138,1.84288747346072,2.72207202090196,2.72207202090196,,,,,,,,,,,,,,,,,,,,,,,,,,,,,,,,,,,,,,,,,-0.5059205209019599
779113,Rayito de sol gel post solar extra refrescante,14,8.208334,0.13333334,0.0,1.0,2.6666665,5.333333,1.5128433,Solares,Rayito de sol gel post solar extra refrescante,200gr,Cuidado Personal;Cuidado Corporal;Protectores Solares,,14.0,1.14285714285714,0.0,7.03571428571429,0.857142857142857,4.57142857142857,2.28571428571429,14.8642857142857,14.8642857142857,0.423756019261636,0.0,1.66162929640824,0.654135338345865,1.46146527117032,0.543524416135881,1.13470407815517,1.13470407815517,,,,,,,,,,,,,,,,,,,,,,,,,,,,,,,,,,,,,,,,,0.37813922184482984
779114,Rayito de sol gel post solar aloe vera,15,8.730769,0.22307692,0.0,1.3076923,3.0,4.1538463,1.5166299,Solares,Rayito de sol gel post solar aloe vera,200gr,Cuidado Personal;Cuidado Corporal;Protectores Solares,,15.0,1.93333333333333,0.0,7.56666666666667,1.13333333333333,3.6,2.6,15.0933333333333,15.0933333333333,0.716853932584268,0.0,1.78702467139946,0.864912280701752,1.15090390104662,0.618259023354564,1.15218902646825,1.15218902646825,,,,,,,,,,,,,,,,,,,,,,,,,,,,,,,,,,,,,,,,,0.36444087353175014
779115,Rayito de sol protector solar Fps 50,31,14.896551,1.0931035,5.3103447,5.3103447,10.862069,7.551724,2.934826,Solares,Rayito de sol protector solar Fps 50,200gr,Cuidado Personal;Cuidado Corporal;Protectores Solares,,31.0,15.0967741935484,4.96774193548387,15.9032258064516,4.96774193548387,8.03225806451613,12.1612903225806,47.541935483871,47.541935483871,5.59768031895614,4.02150537634409,3.75587535739632,3.7911714770798,2.56787698351801,2.8918567221423,3.62923783314339,3.62923783314339,,,,,,,,,,,,,,,,,,,,,,,,,,,,,,,,,,,,,,,,,-0.69441183314339
7791116,Bioderma Photoderm NUDE Touch SPF 50+ Teinte Claire,30,6.08,0.636,0.72,0.0,6.0,7.12,1.6779559,Solares,Bioderma Photoderm NUDE Touch SPF 50+ Teinte Claire,40ml,Cuidado Personal;Cuidado Corporal;Protectores Solares,,30.0,6.0,2.56666666666667,6.56666666666667,0.0,7.56666666666667,10.6,27.9,27.9,2.22471910112359,2.07777777777778,1.55085400998103,0.0,2.41902949571837,2.52059447983014,2.1298193797569,2.1298193797569,,,,,,,,,,,,,,,,,,,,,,,,,,,,,,,,,,,,,,,,,-0.4518634797569001
779117,ACF Camuflaje UV Barra,14,3.2,0.39,0.5,3.1,4.1,0.7,1.2379408,Solares,ACF Camuflaje UV Barra,30gr,Cuidado Personal;Cuidado Corporal;Protectores Solares,,14.0,3.21428571428571,0.428571428571429,3.5,2.64285714285714,2.57142857142857,5.28571428571429,14.75,14.75,1.19181380417335,0.346938775510205,0.826597314964506,2.01691729323308,0.822074215033303,1.25690021231422,1.12597977962058,1.12597977962058,,,,,,,,,,,,,,,,,,,,,,,,,,,,,,,,,,,,,,,,,0.11196102037942013
77911811,Soleil Protector solar fps 99,17,9.692307,0.15384616,2.2307692,4.3076925,0.0,5.846154,1.7639848,Solares,Soleil Protector solar fps 99,50gr,Cuidado Personal;Cuidado Corporal;Protectores Solares,,17.0,1.41176470588235,1.94117647058824,8.35294117647059,3.64705882352941,5.11764705882353,0.941176470588235,20.1411764705882,20.1411764705882,0.523463317911433,1.57142857142858,1.9727196424363,2.78328173374613,1.63608887893883,0.223804171350068,1.53752931821371,1.53752931821371,,,,,,,,,,,,,,,,,,,,,,,,,,,,,,,,,,,,,,,,,0.22645548178629005
7792222121,Laboratorio Molecular fps antioxidante +60,17,2.65,0.4,0.0,0.0,2.6,1.9,1.0098686,Solares,Laboratorio Molecular fps antioxidante +60,,Cuidado Personal;Cuidado Corporal;Protectores Solares,,17.0,3.52941176470588,0.0,2.20588235294118,0.0,1.64705882352941,2.23529411764706,6.44117647058824,6.44117647058823,1.30865829477858,0.0,0.520964694305362,0.0,0.526557340348129,0.531534906956413,0.491704031379677,0.491704031379676,,,,,,,,,,,,,,,,,,,,,,,,,,,,,,,,,,,,,,,,,0.5181645686203239
7790375267766,Bagovit PostSolar Aloe Vera,24,6.833334,0.08571429,0.0,1.4285715,5.3809524,4.714286,1.5694088,Solares,Bagovit PostSolar Aloe Vera,200g,Cuidado Personal;Cuidado Corporal;Protectores Solares,,24.0,0.791666666666667,0.0,7.0625,1.25,5.20833333333333,4.91666666666667,18.5166666666667,18.5166666666667,0.293539325842696,0.0,1.66795529626766,0.953947368421053,1.66508087535681,1.16914366595895,1.41351811882313,1.41351811882313,,,,,,,,,,,,,,,,,,,,,,,,,,,,,,,,,,,,,,,,,0.15589068117686988
303757,La Roche-Posay anthelios age correct fps 50,35,9.309525,0.52380955,5.285714,1.7142857,9.714286,8.190476,2.7320285,Solares,La Roche-Posay anthelios age correct fps 50,48 g,Cuidado Personal; Cuidado Corporal;Protectores Solares,Hipoalergénico. No comedogénico,35.0,5.2,5.22857142857143,9.07142857142857,1.71428571428571,6.45714285714286,11.2857142857143,34.2771428571429,34.2771428571429,1.92808988764045,4.23265306122449,2.14240528572433,1.30827067669173,2.06431969552807,2.68365180467091,2.61663523798705,2.61663523798705,,,,,,,,,,,,,,,,,,,,,,,,,,,,,,,,,,,,,,,,,0.11539326201295008
779123,Ecodherm protector solar spf 30 UVA,16,1.9230769,0.5538462,1.0,0.0,3.2307692,2.8153846,1.1112208,Solares,Ecodherm protector solar spf 30 UVA,60cc,Cuidado Personal;Cuidado Corporal;Protectores Solares,,16.0,4.75,0.875,1.6875,0.0,4.2875,2.6875,10.0125,10.0125,1.76123595505618,0.708333333333334,0.398537991143601,0.0,1.37069457659372,0.639065817409765,0.764330341928888,0.764330341928888,,,,,,,,,,,,,,,,,,,,,,,,,,,,,,,,,,,,,,,,,0.34689045807111185
7798167583322,Sulderm FPS 50+,34,10.749999,1.0000001,5.75,1.9285715,19.392857,5.3571424,2.8913908,Solares,Sulderm FPS 50+,50gr,Cuidado Personal;Cuidado Corporal;Protectores Solares,,34.0,10.0294117647059,5.79411764705882,12.0882352941176,1.82352941176471,5.82352941176471,21.2647058823529,47.7970588235294,47.7970588235294,3.71877065432915,4.69047619047619,2.85488652479337,1.39164086687307,1.8617563105166,5.0565754964406,3.64871333970371,3.64871333970371,,,,,,,,,,,,,,,,,,,,,,,,,,,,,,,,,,,,,,,,,-0.75732253970371
779123111,Isdin Fotoprotector gel cream 50spf,31,10.196427,0.8392857,6.25,3.642857,15.249999,8.142857,2.8987293,Solares,Isdin Fotoprotector gel cream 50spf,250ml,Cuidado Personal;Cuidado Corporal;Protectores Solares,,31.0,7.74193548387097,5.7741935483871,8.93548387096774,3.38709677419355,7.09677419354839,13.741935483871,39.7096774193548,39.7096774193548,2.87060529177238,4.67434715821813,2.11029913590017,2.5848896434635,2.2688069733894,3.26772138894597,3.03134195453895,3.03134195453895,,,,,,,,,,,,,,,,,,,,,,,,,,,,,,,,,,,,,,,,,-0.1326126545389501
779126111,BlueBerry Siberica Face cream spf20,27,5.295,0.26999998,1.1,4.0,4.7,3.7500002,1.9941536,Solares,,,,,,,,,,,,,,,,,,,,,,,,,,,,,,,,,,,,,,,,,,,,,,,,,,,,,,,,,,,,,,
779127111,Natura Fotoequilibrio Facial FPS 50,37,5.709375,0.81875,0.40625,1.9375,4.59375,6.59375,2.0619426,Solares,,,,,,,,,,,,,,,,,,,,,,,,,,,,,,,,,,,,,,,,,,,,,,,,,,,,,,,,,,,,,,
779987,Villaneuve protector solar efecto seco FPS 30,11,5.333333,0.16666667,1.6666667,3.3333335,5.666667,2.1111112,1.5609291,Solares,Villaneuve protector solar efecto seco FPS 30,200ml,Cuidado Personal;Cuidado Corporal;Protectores Solares,,11.0,2.27272727272727,2.27272727272727,7.18181818181818,5.45454545454545,2.72727272727273,4.63636363636364,22.5,22.5,0.842696629213481,1.83982683982684,1.69613475018691,4.16267942583732,0.871896894732293,1.10248986682108,1.7175962739975,1.7175962739975,,,,,,,,,,,,,,,,,,,,,,,,,,,,,,,,,,,,,,,,,-0.15666717399749985
337875761031,LA ROCHE-POSAY PROTECTOR SOLAR DE USO DIARIO,34,11.749998,0.52727276,5.318182,1.7272727,10.272727,7.8636365,2.5462275,Solares,LA ROCHE-POSAY PROTECTOR SOLAR DE USO DIARIO,50ml,Cuidado Personal;Cuidado Corporal;Protectores Solares,,34.0,5.0,5.02941176470588,10.1617647058824,1.64705882352941,5.52941176470588,11.3235294117647,34.1911764705882,34.1911764705882,1.85393258426966,4.07142857142857,2.39991069176671,1.25696594427244,1.76772821402586,2.69264393655551,2.61007276930992,2.61007276930992,,,,,,,,,,,,,,,,,,,,,,,,,,,,,,,,,,,,,,,,,-0.06384526930991985
7899706149556,"Protector Solar Facial Antiacne FPS 30, L'Oréal Paris",47,18.918604,1.127907,4.8139534,1.9069767,16.906977,12.72093,4.670207,Solares,"Protector Solar Facial Antiacne FPS 30, L'Oréal Paris",,Cuidado Personal;Cuidado Facial;Protectores Solares,contiene Mexoryl sx (ecamsule) + xl ( trisloxano drometrizole),47.0,10.8297872340426,4.61702127659574,19.2872340425532,1.82978723404255,13.1489361702128,16.1702127659574,56.136170212766,56.136170212766,4.01553908677984,3.73758865248227,4.55507882076185,1.39641657334826,4.20365609247527,3.84514613542935,4.28530119084162,4.28530119084162,,,,,,,,,,,,,,,,,,,,,,,,,,,,,,,,,,,,,,,,,0.38490580915838013
7897930775701,Cetaphil Sun Ultra Matte & Oil Control FPS 70 sem cor,56,26.321154,1.3903846,4.0,4.25,25.326923,17.51923,4.670207,Solares,Cetaphil Sun Ultra Matte & Oil Control FPS 70 sem cor,50ml,Cuidado Personal;Cuidado Corporal;Protectores Solares,Contiene microplásticos,56.0,13.1785714285714,3.78571428571429,25.4053571428571,4.08928571428571,18.7678571428571,25.2321428571429,78.5982142857143,78.5982142857143,4.88643659711074,3.06462585034014,6.0,3.12077067669173,6.0,6.0,6.0,6.0,,,,,,,,,,,,,,,,,,,,,,,,,,,,,,,,,,,,,,,,,-1.3297929999999996
7796045108063,Rayito de Sol Pediatric 60 Protector solar mousse,27,13.084001,1.4960002,4.2799997,2.56,8.36,13.639999,2.852425,Solares,Rayito de Sol Pediatric 60 Protector solar mousse,150ml,Cuidado Personal;Cuidado Corporal;Protectores Solares,"0% Alcohol, perfume, parabenos, aceites, colorantes, cruelty free, hipoalergénico, muy resiste al agua",27.0,14.8148148148148,4.92592592592593,14.0407407407407,5.25925925925926,12.6296296296296,7.74074074074074,46.0777777777778,46.0777777777778,5.49313358302121,3.98765432098766,3.31601102754543,4.01364522417154,4.0376361137541,1.84068569631202,3.51746753000871,3.51746753000871,,,,,,,,,,,,,,,,,,,,,,,,,,,,,,,,,,,,,,,,,-0.6650425300087099
7793742004568,Dermaglós solar FPS50 cuidado facial crema con color,31,11.543478,0.4695652,3.173913,3.565217,5.478261,7.3913045,2.5427413,Solares,Dermaglós solar FPS50 cuidado facial crema con color,50 g,Cuidado Personal; Cuidado Corporal;Protectores Solares,"HIPOALERGÉNICO , NO COMEDOGÉNICO",31.0,5.41935483870968,4.09677419354839,13.3225806451613,6.38709677419355,6.93548387096774,6.90322580645161,38.1870967741935,38.1870967741935,2.00942370424067,3.31643625192013,3.14640268276812,4.87436332767403,2.21724317853964,1.64153140195877,2.91511178373941,2.91511178373941,,,,,,,,,,,,,,,,,,,,,,,,,,,,,,,,,,,,,,,,,-0.37237048373940995
77969,Vichy CAPITAL SOLEIL Multi-Protection Milk SPF 50,37,10.362068,0.68620694,6.8275857,1.9310344,16.896551,6.4827585,3.2451649,Solares,Vichy CAPITAL SOLEIL Multi-Protection Milk SPF 50,100ml,Cuidado Personal; Cuidado Corporal;Protectores Solares,,37.0,7.48648648648649,7.35135135135135,11.6891891891892,4.75675675675676,6.21621621621622,16.1621621621622,46.9243243243243,46.9243243243243,2.77588824779836,5.95109395109395,2.76064354225598,3.63015647226174,1.98729652583126,3.84323176679865,3.58209087196932,3.58209087196932,,,,,,,,,,,,,,,,,,,,,,,,,,,,,,,,,,,,,,,,,-0.33692597196932006
779986,Villeneuve Protector solar en crema FPS 50,27,9.272727,0.8499999,3.181818,3.0,7.3181815,5.0454545,2.0946593,Solares,Villeneuve Protector solar en crema FPS 50,130gr,Cuidado Personal;Cuidado Corporal;Protectores Solares,,27.0,7.66666666666667,3.85185185185185,12.5925925925926,4.59259259259259,5.81481481481481,6.66666666666667,34.2851851851852,34.2851851851852,2.84269662921348,3.11816578483245,2.97400092156542,3.50487329434698,1.8589702928428,1.58527954706298,2.61724917010615,2.61724917010615,,,,,,,,,,,,,,,,,,,,,,,,,,,,,,,,,,,,,,,,,-0.5225898701061502
77998,Fotoprotector ISDIN Fusion Fluid Mineral Baby Pediatrics SPF 50+,29,7.3599997,0.228,1.52,1.92,9.08,2.6399999,2.1537008,Solares,Fotoprotector ISDIN Fusion Fluid Mineral Baby Pediatrics SPF 50+,,Cuidado Personal;Cuidado Corporal;Niños;Protectores Solares,,29.0,5.41379310344828,1.37931034482759,5.86206896551724,1.79310344827586,3.24137931034483,8.24137931034483,21.0586206896552,21.0586206896552,2.00736148779543,1.11658456486043,1.38444870486666,1.36842105263158,1.03625447029102,1.95973350904165,1.60756481920349,1.60756481920349,,,,,,,,,,,,,,,,,,,,,,,,,,,,,,,,,,,,,,,,,0.5461359807965103
7796045102610,RAYITO DE SOL PROTECTOR SOLAR MINERAL FPS 50,14,0.5,0.0,0.5,0.0,1.5,2.4166667,0.8746005,Solares,RAYITO DE SOL PROTECTOR SOLAR MINERAL FPS 50,50GR,Cuidado Personal;Cuidado Corporal;Protectores Solares,,14.0,3.71428571428571,1.42857142857143,2.35714285714286,0.0,4.0,2.28571428571429,10.4428571428571,10.4428571428571,1.37720706260032,1.15646258503402,0.556687987629157,0.0,1.27878211227403,0.543524416135881,0.797182778598202,0.797182778598202,,,,,,,,,,,,,,,,,,,,,,,,,,,,,,,,,,,,,,,,,0.07741772140179803
