Codigo,Descripcion,presentacion,Rubro,Observaciones,Numero_Ingredientes,Cancer.Risk,Development.Risk,Allergies.Risk,Endocryne.Risk,Prohibited.Risk,Env.Risk,Total.Risk,HPC.score,norm.Cancer.Risk,norm.Development.Risk,norm.Allergies.Risk,norm.Endocryne.Risk,norm.Prohibited.Risk,norm.Env.Risk,norm.Total.Risk,norm.HPC.score,Column23,Column24,Column25,Column26,Column27,Column28,Column29,Column30,Column31,Column32,Column33,Column34,Column35,Column36,Column37,Column38,Column39,Column40,Column41,Column42,Column43,Column44,Column45,Column46,Column47,Column48,Column49,Column50,Column51,Column52,Column53,Column54,Column55,Column56,Column57,Column58,Column59,Column60,Column61,Column62
2,Protector solar Vichy ideal soleil,,Cuidado Personal;Cuidado Corporal;Protectores Solares,,31,11.1290322580645,5.90322580645161,15.0838709677419,4.58064516129032,6.29032258064516,8.32258064516129,41.2935483870968,41.2935483870968,4.12649510692279,4.77880184331797,3.56236778320186,3.49575551782682,2.01098799914061,1.97904253133347,3.15225088221391,3.15225088221391,,,,,,,,,,,,,,,,,,,,,,,,,,,,,,,,,,,,,,,,
7899706149556,"Protector Solar Facial Antiacne FPS 30, L'Oréal Paris",,Cuidado Personal;Cuidado Facial;Protectores Solares,contiene Mexoryl sx (ecamsule) + xl ( trisloxano drometrizole),47,10.8297872340426,4.61702127659574,19.2872340425532,1.82978723404255,13.1489361702128,16.1702127659574,56.136170212766,56.136170212766,4.01553908677984,3.73758865248227,4.55507882076185,1.39641657334826,4.20365609247527,3.84514613542935,4.28530119084162,4.28530119084162,,,,,,,,,,,,,,,,,,,,,,,,,,,,,,,,,,,,,,,,
7793742003790,DERMAGLOS PROTECTOR SOLAR NINOS F50,x 180 ml,Cuidado Personal;Cuidado Corporal;Niños;Protectores Solares,Contiene microplásticos,27,9.81481481481481,5.66666666666667,10.6666666666667,4.2962962962963,4.33333333333333,11.8888888888889,37.8333333333333,37.8333333333333,3.63920099875155,4.58730158730159,2.5191537217966,3.27875243664718,1.38534728829686,2.82708185892899,2.88810632738839,2.88810632738839,,,,,,,,,,,,,,,,,,,,,,,,,,,,,,,,,,,,,,,,
99,Cetaphil sun ultra mate & oil,50 ml,Cuidado Personal;Cuidado Corporal;Protectores Solares,"protector solar en gel, con color",56,12.5714285714286,1.57142857142857,16.7,4.21428571428571,11.6428571428571,19.1964285714286,54.5821428571429,54.5821428571429,4.66131621187801,1.27210884353741,3.94405004568778,3.21616541353383,3.72216936251189,4.56475583864119,4.16667045325457,4.16667045325457,,,,,,,,,,,,,,,,,,,,,,,,,,,,,,,,,,,,,,,,
100,Cetaphil sun kids loción liposomal FPS 50+,150 ml,Cuidado Personal;Cuidado Corporal;Niños;Protectores Solares,,25,5,3.08,6.64,3.84,2.8,11.04,27.9,27.9,1.85393258426966,2.49333333333333,1.56817319181838,2.93052631578947,0.895147478591819,2.6252229299363,2.1298193797569,2.1298193797569,,,,,,,,,,,,,,,,,,,,,,,,,,,,,,,,,,,,,,,,
102,Cetaphil UV defense FPS 50+,50 ml,Cuidado Personal;Cuidado Corporal;Protectores Solares,Contiene microplásticos,35,10.7142857142857,5.48571428571429,10.1228571428571,5.02857142857143,12.5142857142857,18.9714285714286,53.1942857142857,53.1942857142857,3.97271268057784,4.44081632653062,2.39072186687284,3.83759398496241,4.00076117982874,4.51125265392781,4.06072475292514,4.06072475292514,,,,,,,,,,,,,,,,,,,,,,,,,,,,,,,,,,,,,,,,
103,Cetaphil UVA/UVB defense FPS 50+,50 ml,Cuidado Personal;Cuidado Corporal;Protectores Solares,Contiene microplásticos,35,10.7142857142857,5.48571428571429,10.1228571428571,5.02857142857143,12.5142857142857,18.9714285714286,53.1942857142857,53.1942857142857,3.97271268057784,4.44081632653062,2.39072186687284,3.83759398496241,4.00076117982874,4.51125265392781,4.06072475292514,4.06072475292514,,,,,,,,,,,,,,,,,,,,,,,,,,,,,,,,,,,,,,,,
3600542126885,DELIAL Sensitive Advanced leche solar Niños SPF-50+,50ml,Cuidado Personal;Cuidado Corporal;Niños;Protectores Solares,Contiene microplásticos,29,8.89655172413793,6.06896551724138,14.2379310344828,4.68965517241379,9.3448275862069,15.448275862069,50.6793103448276,50.6793103448276,3.29872142580395,4.91297208538588,3.3625815896438,3.57894736842105,2.98749958988157,3.67347536422872,3.86873753853506,3.86873753853506,,,,,,,,,,,,,,,,,,,,,,,,,,,,,,,,,,,,,,,,
3600541126885,DELIAL Sensitive Advanced leche solar Niños SPF-50+,50ml,Cuidado Personal;Cuidado Corporal;Niños;Protectores Solares,Contiene microplásticos,29,8.89655172413793,6.06896551724138,14.2379310344828,4.68965517241379,9.3448275862069,15.448275862069,50.6793103448276,50.6793103448276,3.29872142580395,4.91297208538588,3.3625815896438,3.57894736842105,2.98749958988157,3.67347536422872,3.86873753853506,3.86873753853506,,,,,,,,,,,,,,,,,,,,,,,,,,,,,,,,,,,,,,,,
3600541884809,DELIAL Sensitive Advanced leche solar Niños SPF-50+,200ml,Cuidado Personal;Cuidado Corporal;Niños;Protectores Solares,Contiene microplásticos,29,8.89655172413793,6.06896551724138,14.2379310344828,4.68965517241379,9.3448275862069,15.448275862069,50.6793103448276,50.6793103448276,3.29872142580395,4.91297208538588,3.3625815896438,3.57894736842105,2.98749958988157,3.67347536422872,3.86873753853506,3.86873753853506,,,,,,,,,,,,,,,,,,,,,,,,,,,,,,,,,,,,,,,,
3600541889668,DELIAL Sensitive Advanced Niños Bruma Anti-Arena IP50+,200ml,Cuidado Personal;Cuidado Corporal;Niños;Protectores Solares,Contiene microplásticos,29,4.17241379310345,5.72413793103448,9.62068965517241,4.06896551724138,6.10344827586207,18.7241379310345,44.6586206896552,44.6586206896552,1.54707477721813,4.63382594417077,2.27212463916352,3.10526315789474,1.95124511959054,4.45244893476828,3.40913246659642,3.40913246659642,,,,,,,,,,,,,,,,,,,,,,,,,,,,,,,,,,,,,,,,
4005808488476,NIVEA Kids spray solar para niños SPF-50+ extra resistente al agua spray,300ml,Cuidado Personal;Cuidado Corporal;Niños;Protectores Solares,,29,6.48275862068966,3.55172413793103,10.4827586206897,4.62068965517241,7.17241379310345,8.3448275862069,34.8206896551724,34.8206896551724,2.40371948857032,2.8752052545156,2.47572003693804,3.52631578947368,2.29298861511205,1.98433267442712,2.65812830265544,2.65812830265544,,,,,,,,,,,,,,,,,,,,,,,,,,,,,,,,,,,,,,,,
4005808473908,NIVEA Protege & Hidrata spray solar SPF-30 resistente al agua spray,300ml,Cuidado Personal;Cuidado Corporal;Protectores Solares,,29,6.31034482758621,2.48275862068966,7.6551724137931,1.6551724137931,4.82758620689655,10.551724137931,27.8034482758621,27.8034482758621,2.33979077876792,2.00985221674877,1.80792713223764,1.26315789473684,1.54335772171003,2.50911486931692,2.12244885168458,2.12244885168458,,,,,,,,,,,,,,,,,,,,,,,,,,,,,,,,,,,,,,,,
4005900193780,NIVEA Protege & Hidrata spray solar SPF-50+ resistente al agua spray 300 ml,300ml,Cuidado Personal;Cuidado Corporal;Protectores Solares,,29,6.48275862068966,3.55172413793103,10.4827586206897,4.62068965517241,7.17241379310345,8.3448275862069,34.8206896551724,34.8206896551724,2.40371948857032,2.8752052545156,2.47572003693804,3.52631578947368,2.29298861511205,1.98433267442712,2.65812830265544,2.65812830265544,,,,,,,,,,,,,,,,,,,,,,,,,,,,,,,,,,,,,,,,
4005900619266,NIVEA Sensitive protección inmediata spray solar antialergias solares SPF-50+ resistente al agua spray,300ml,Cuidado Personal;Cuidado Corporal;Protectores Solares,,29,8.51724137931035,3.6551724137931,9.89655172413793,4.68965517241379,6.41379310344828,7.68965517241379,33.1965517241379,33.1965517241379,3.15807826423867,2.95894909688013,2.33727516645136,3.57894736842105,2.05046097312905,1.8285379603192,2.53414549115309,2.53414549115309,,,,,,,,,,,,,,,,,,,,,,,,,,,,,,,,,,,,,,,,
4005808418244,NIVEA Protege & Hidrata leche solar SPF-30 resistente al agua frasco,400ml,Cuidado Personal;Cuidado Corporal;Protectores Solares,,29,5.72413793103448,4.6551724137931,10.2068965517241,3.75862068965517,6.86206896551724,10.5172413793103,36.5724137931035,36.5724137931035,2.12243316543975,3.76847290640394,2.41056950965017,2.86842105263158,2.19377276157355,2.50091514752177,2.79185074053908,2.79185074053908,,,,,,,,,,,,,,,,,,,,,,,,,,,,,,,,,,,,,,,,
4005808423316,NIVEA Protege & Hidrata leche solar SPF-30 resistente al agua frasco,200ml,Cuidado Personal;Cuidado Corporal;Protectores Solares,,29,5.72413793103448,4.6551724137931,10.2068965517241,3.75862068965517,6.86206896551724,10.5172413793103,36.5724137931035,36.5724137931035,2.12243316543975,3.76847290640394,2.41056950965017,2.86842105263158,2.19377276157355,2.50091514752177,2.79185074053908,2.79185074053908,,,,,,,,,,,,,,,,,,,,,,,,,,,,,,,,,,,,,,,,
4005808416202,NIVEA Protege & Hidrata leche solar SPF-10 resistente al agua frasco,200ml,Cuidado Personal;Cuidado Corporal;Protectores Solares,,29,5.82758620689655,4.6551724137931,9.75862068965517,3.75862068965517,5.20689655172414,10.7241379310345,34.6862068965517,34.6862068965517,2.16079039132119,3.76847290640394,2.30469990280744,2.86842105263158,1.66462154270154,2.5501134782927,2.64786220998327,2.64786220998327,,,,,,,,,,,,,,,,,,,,,,,,,,,,,,,,,,,,,,,,
3337875550628,La Roche-Posay Anthelios Dermo-Pedriatrics +50SPF,250ml,Cuidado Personal;Cuidado Corporal;Niños;Protectores Solares,UVB+UVA,29,6.6551724137931,3.58620689655172,8.55172413793104,1.51724137931034,9.6551724137931,12.551724137931,36.5275862068966,36.5275862068966,2.46764819837272,2.90311986863711,2.01966634592313,1.1578947368421,3.08671544342007,2.98469873343582,2.78842870964836,2.78842870964836,,,,,,,,,,,,,,,,,,,,,,,,,,,,,,,,,,,,,,,,
7897930775701,Cetaphil Sun Ultra Matte & Oil Control FPS 70 sem cor,50ml,Cuidado Personal;Cuidado Corporal;Protectores Solares,Contiene microplásticos,56,13.1785714285714,3.78571428571429,25.4053571428571,4.08928571428571,18.7678571428571,25.2321428571429,78.5982142857143,78.5982142857143,4.88643659711074,3.06462585034014,6,3.12077067669173,6,6,6,6,,,,,,,,,,,,,,,,,,,,,,,,,,,,,,,,,,,,,,,,
7890704851335,"NIVEA PROTETOR LABIAL SUN PROTECT FPS30 4,8G",45 gr,Cuidado Personal;Cuidado Facial;Protectores Solares;Labial,,29,4.41379310344828,4.89655172413793,10.1551724137931,4.17241379310345,4.55172413793103,9.51724137931035,33.7344827586207,33.7344827586207,1.6365749709415,3.96387520525452,2.39835378578371,3.18421052631579,1.45516585189803,2.26312321546233,2.57520986184177,2.57520986184177,,,,,,,,,,,,,,,,,,,,,,,,,,,,,,,,,,,,,,,,
7899706134231,ANTHELIOS XL PROTECT PROTETOR SOLAR FLUIDO FPS70 120ML,120 ml,Cuidado Personal;Cuidado Corporal;Protectores Solares,,28,8.35714285714286,6.32142857142857,13.8678571428571,4.46428571428571,8.67857142857143,11.7142857142857,45.8821428571429,45.8821428571429,3.09871589085072,5.11734693877551,3.27518099388486,3.40695488721804,2.7745004757374,2.78556263269638,3.50253322730887,3.50253322730887,,,,,,,,,,,,,,,,,,,,,,,,,,,,,,,,,,,,,,,,
7899706111829,PROTETOR SOLAR FACIAL ANTIOLEOSIDADE LA ROCHE-POSAY ANTHELIOS AIRLICIUM FPS 30 50G,50,Cuidado Personal;Cuidado Facial;Protectores Solares,,35,8.91428571428571,4.25714285714286,12.7857142857143,1.77142857142857,12.8857142857143,12.4571428571429,45.0485714285714,45.0485714285714,3.30529695024076,3.44625850340136,3.01961059956422,1.35187969924812,4.11950523311134,2.96220806794056,3.4389003748722,3.4389003748722,,,,,,,,,,,,,,,,,,,,,,,,,,,,,,,,,,,,,,,,
4005900183125,Eucerin Sun Protetor Solar Facial Gel Creme Oil Control Fps60,52,Cuidado Personal;Cuidado Corporal;Protectores Solares,,27,4.2962962962963,7.03703703703704,9,4.66666666666667,7.44444444444444,14.0740740740741,42.6518518518519,42.6518518518519,1.59300873907615,5.69664902998237,2.12553595276587,3.56140350877193,2.37995559784333,3.34670126602186,3.25594052532596,3.25594052532596,,,,,,,,,,,,,,,,,,,,,,,,,,,,,,,,,,,,,,,,
299,TheChemistLook Protector Solar,74,Cuidado Personal;Cuidado Corporal;Protectores Solares,"Clínica y dermatológicamente testeado. Cruelty-free. Fórmula sin parabenos, fragancia ni alcohol. Sin TACC. Contiene microplásticos",45,6.57777777777778,7.35555555555556,10.3333333333333,5.17777777777778,7.62222222222222,17.7777777777778,48.9244444444444,48.9244444444444,2.43895131086142,5.95449735449736,2.44043016799044,3.9514619883041,2.43679035838884,4.2274121255013,3.7347752660078,3.7347752660078,,,,,,,,,,,,,,,,,,,,,,,,,,,,,,,,,,,,,,,,
30162457,La Roche-Posay Anthelios 50+ Shaka fluido com cor,50ml,Cuidado Personal;Cuidado Corporal;Protectores Solares,UVB +UVA antioxidante,26,6.07692307692308,2.07692307692308,8.36538461538461,1.38461538461538,6.57692307692308,9.61538461538461,28.6269230769231,28.6269230769231,2.25324114088159,1.68131868131868,1.97565841763494,1.05668016194332,2.10261289614287,2.28646088518699,2.18531095168605,2.18531095168605,,,,,,,,,,,,,,,,,,,,,,,,,,,,,,,,,,,,,,,,
205133,RoC MINESOL FPS 70,50 gr,Cuidado Personal;Cuidado Facial;Protectores Solares,UVB+UVA,41,12.0243902439024,6.09756097560976,10.1951219512195,3.92682926829268,7.02439024390244,14.4390243902439,42.8853658536585,42.8853658536585,4.45848177582898,4.93612078977933,2.40778869446107,2.99679075738126,2.24566614838366,3.43348350680958,3.27376642663393,3.27376642663393,,,,,,,,,,,,,,,,,,,,,,,,,,,,,,,,,,,,,,,,
7548608918,Hawaiian Tropic Baby,240 ml,Cuidado Personal;Cuidado Corporal;Niños;Protectores Solares,UVB+UVA,37,9.81081081081081,5.32432432432432,18.5405405405405,4.43243243243243,12.972972972973,16.027027027027,58.2783783783784,58.2783783783784,3.63771636805344,4.31016731016731,4.37873172251467,3.38264580369843,4.14740144521307,3.81109772192573,4.44883224699197,4.44883224699197,,,,,,,,,,,,,,,,,,,,,,,,,,,,,,,,,,,,,,,,
30,"Aveeno Sunblock Spray, Continuous Protection, SPF 45",,Cuidado Personal;Cuidado Corporal;Protectores Solares,,19,9.42105263157895,6.15789473684211,9.73684210526316,6,9.10526315789474,8.57894736842105,40.5210526315789,40.5210526315789,3.49319929036073,4.98496240601504,2.29955644012682,4.57894736842105,2.91091191346588,2.04000446977315,3.09328040082029,3.09328040082029,,,,,,,,,,,,,,,,,,,,,,,,,,,,,,,,,,,,,,,,
31,Dermaglos protector solar spray FPS 40,170ml,Cuidado Personal;Cuidado Corporal;Protectores Solares,UVB+UVA proteccion alta,29,1.79310344827586,4.06896551724138,18.3965517241379,7.86206896551724,7.6551724137931,6,44.1620689655172,44.1620689655172,0.664858581944981,3.29392446633826,4.34472578850801,6,2.44732438728305,1.42675159235669,3.37122689365302,3.37122689365302,,,,,,,,,,,,,,,,,,,,,,,,,,,,,,,,,,,,,,,,
7796045102276,Rayito de sol Protector Solar FPS 65 pomo,90 gr,Cuidado Personal;Cuidado Corporal;Protectores Solares,UVB+UVA proteccion alta,31,11.1612903225806,5.35483870967742,19.5322580645161,5.48387096774194,10.9032258064516,11.7096774193548,54.1,54.1,4.13845596230516,4.33486943164363,4.61294630609223,4.18505942275043,3.48571253184372,2.78446681734126,4.12986481881177,4.12986481881177,,,,,,,,,,,,,,,,,,,,,,,,,,,,,,,,,,,,,,,,
33,Avon Anew Solar Advance Ultra Matte Protector Solar FPS 50,50ml,Cuidado Personal;Cuidado Facial;Protectores Solares,uvb+uva,37,4.24324324324324,6.81081081081081,14.9324324324324,5.40540540540541,10.5135135135135,16.4594594594595,54.5459459459459,54.545945945946,1.57333738232614,5.51351351351351,3.52660244415358,4.12517780938834,3.36112325455808,3.91392666551902,4.16390726748559,4.1639072674856,,,,,,,,,,,,,,,,,,,,,,,,,,,,,,,,,,,,,,,,
34,Avene PROTECTOR SOLAR EMULSIÓN,50ml,Cuidado Personal;Cuidado Facial;Protectores Solares,uvb+uva,34,10.2352941176471,7.41176470588235,15.8705882352941,1.47058823529412,9.23529411764706,17.1470588235294,52.1588235294118,52.1588235294118,3.79510905485791,6,3.74816732062896,1.12229102167183,2.95248222980915,4.07743224678405,3.98168004223159,3.98168004223159,,,,,,,,,,,,,,,,,,,,,,,,,,,,,,,,,,,,,,,,
4005808555741,Nivea Sun Kids Protector Solar Hidratante FPS 50,200ml,Cuidado Personal;Cuidado Corporal;Niños;Protectores Solares,alta proteccion UVB UVA a partir de 2 años,28,8.75,4.5,6.83928571428571,2.21428571428571,5.78571428571429,8.28571428571428,28.5,28.5,3.24438202247191,3.64285714285714,1.61523863077248,1.68984962406015,1.84966698382493,1.97027600849256,2.1756219470635,2.1756219470635,,,,,,,,,,,,,,,,,,,,,,,,,,,,,,,,,,,,,,,,
7796045108063,Rayito de Sol Pediatric 60 Protector solar mousse,150ml,Cuidado Personal;Cuidado Corporal;Protectores Solares,"0% Alcohol, perfume, parabenos, aceites, colorantes, cruelty free, hipoalergénico, muy resiste al agua",27,14.8148148148148,4.92592592592593,14.0407407407407,5.25925925925926,12.6296296296296,7.74074074074074,46.0777777777778,46.0777777777778,5.49313358302121,3.98765432098766,3.31601102754543,4.01364522417154,4.0376361137541,1.84068569631202,3.51746753000871,3.51746753000871,,,,,,,,,,,,,,,,,,,,,,,,,,,,,,,,,,,,,,,,
37,UV Defender Hidratación Intensa FPS 50+,40gr,Cuidado Personal;Cuidado Facial;Protectores Solares,rayos UVB/UVA,30,7.13333333333333,4.5,14.8033333333333,2.33333333333333,10,13.0333333333333,45.3833333333333,45.3833333333333,2.64494382022471,3.64285714285714,3.49611302453082,1.78070175438596,3.19695528068507,3.09922151450813,3.46445529932977,3.46445529932977,,,,,,,,,,,,,,,,,,,,,,,,,,,,,,,,,,,,,,,,
38,ISDIN Foto Ultra Age Repair Fusion Water SPF 50,50ml,Cuidado Personal;Cuidado Facial;Protectores Solares,,41,8.48780487804878,5.51219512195122,16.8292682926829,1.80487804878049,16.3658536585366,19.6829268292683,61.0439024390244,61.0439024390244,3.14716360646752,4.46225319396051,3.97457942387113,1.37740693196406,5.23209022765776,4.68044119931645,4.65994575020157,4.65994575020157,,,,,,,,,,,,,,,,,,,,,,,,,,,,,,,,,,,,,,,,
406,ISDIN Fotoprotector Fusion Water Urban SPF 30,50ml,Cuidado Personal;Cuidado Facial;Protectores Solares,,29,7.93103448275862,5.41379310344828,13.4655172413793,1.79310344827586,11.6551724137931,14.8275862068966,47.948275862069,47.948275862069,2.9407206509105,4.38259441707718,3.18016011323782,1.36842105263158,3.72610649955708,3.52588037191596,3.6602568873464,3.6602568873464,,,,,,,,,,,,,,,,,,,,,,,,,,,,,,,,,,,,,,,,
7796045102320,Rayito de Sol FPS 15,200 gr,Cuidado Personal;Cuidado Corporal;Protectores Solares,Oil Free Paraben Free Cruelty Free,25,4.6,3.72,15.22,2.4,10.56,7.68,40.04,40.04,1.70561797752809,3.01142857142857,3.59451746678851,1.83157894736842,3.37598477640343,1.82624203821656,3.05655799159377,3.05655799159377,,,,,,,,,,,,,,,,,,,,,,,,,,,,,,,,,,,,,,,,
7796045108131,Rayito de Sol FPS 50 Kids Spray Solar,250ml,Cuidado Personal;Cuidado Corporal;Niños;Protectores Solares,"Sin parabenos, Hipoalergénico, Resistente al agua, Biodegradable, CrueltyFree",16,13.6875,3.6875,11.5625,3.4375,13.1875,5.5,38.74375,38.74375,5.0751404494382,2.98511904761905,2.7307232726506,2.6233552631579,4.21598477640344,1.30785562632696,2.95760536180847,2.95760536180847,,,,,,,,,,,,,,,,,,,,,,,,,,,,,,,,,,,,,,,,
3760211481438,Crema protectora Niños SPF50+ Alga Maris,100ml,Cuidado Personal;Cuidado Corporal;Niños;Protectores Solares,,23,5.73913043478261,1.95652173913043,3.95652173913043,0,4.8695652173913,3.08695652173913,14.4434782608696,14.4434782608696,2.12799218368344,1.58385093167702,0.934414356046831,0,1.55677822363795,0.73405335548786,1.10258064197482,1.10258064197482,,,,,,,,,,,,,,,,,,,,,,,,,,,,,,,,,,,,,,,,
3760211482015,Protector Solar en Spray cara & cuerpo SPF 30 Alga Maris,100ml,Cuidado Personal;Cuidado Corporal;Niños;Protectores Solares,,19,5.05263157894737,1.63157894736842,4.92105263157895,0,6.21052631578947,1.94736842105263,15.2157894736842,15.2157894736842,1.87344766410408,1.32080200501253,1.16220825487491,0,1.98547749010967,0.463068499273661,1.16153703581913,1.16153703581913,,,,,,,,,,,,,,,,,,,,,,,,,,,,,,,,,,,,,,,,
97,Cetaphil Hidratante Facial Diario FPS 50,50 ml,Cuidado Personal;Cuidado Facial;Hidratantes,Contiene microplásticos,35,10.7142857142857,5.48571428571429,10.1228571428571,5.02857142857143,12.5142857142857,18.9714285714286,53.1942857142857,53.1942857142857,3.97271268057784,4.44081632653062,2.39072186687284,3.83759398496241,4.00076117982874,4.51125265392781,4.06072475292514,4.06072475292514,,,,,,,,,,,,,,,,,,,,,,,,,,,,,,,,,,,,,,,,
45,Medihealth Umbrella Kids FPS 50,120ml,Cuidado Personal;Cuidado Corporal;Niños;Protectores Solares,Falta 1 ingrediente no identificado en la foto.,7,4.42857142857143,2.14285714285714,4.28571428571429,2.85714285714286,3,0.857142857142857,13.5857142857143,13.5857142857143,1.64205457463884,1.73469387755102,1.01215997750756,2.18045112781955,0.959086584205521,0.203821656050955,1.03710098829944,1.03710098829944,,,,,,,,,,,,,,,,,,,,,,,,,,,,,,,,,,,,,,,,
7896108560330,Cenoura e Bronze FPS50,200ml,Cuidado Personal;Cuidado Corporal;Protectores Solares,,31,11.1290322580645,6,14,6.2258064516129,6.51612903225806,14.1290322580645,47.9838709677419,47.9838709677419,4.12649510692279,4.85714285714286,3.30638925985802,4.75127334465195,2.08317731193027,3.35976987877542,3.66297413271868,3.66297413271868,,,,,,,,,,,,,,,,,,,,,,,,,,,,,,,,,,,,,,,,
75047,KONÉ CARE BLOQUEADOR SOLAR FPS 35,110ml,Cuidado Personal;Cuidado Corporal;Protectores Solares,,8,0.5,0.375,0.5,0,0.5,0.375,1.8,1.8,0.185393258426966,0.303571428571429,0.118085330709215,0,0.159847764034253,0.0891719745222928,0.1374077019198,0.1374077019198,,,,,,,,,,,,,,,,,,,,,,,,,,,,,,,,,,,,,,,,
8282779402866,Avène Spray SPF +50 Niños,200ml,Cuidado Personal;Cuidado Corporal;Niños;Protectores Solares,,30,6.23333333333333,3.93333333333333,7.46666666666667,1.46666666666667,6.06666666666667,13.4333333333333,32.99,32.99,2.31123595505618,3.18412698412698,1.76340760525761,1.11929824561404,1.93948620361561,3.1943382873319,2.51837782574122,2.51837782574122,,,,,,,,,,,,,,,,,,,,,,,,,,,,,,,,,,,,,,,,
779407,Fotoprotector ISDIN Fusion Water Color SPF 50,50ml,Cuidado Personal;Cuidado Facial;Protectores Solares,,38,10.5,4.71052631578947,13.8921052631579,1.84210526315789,15.4736842105263,13.1842105263158,50.1526315789474,50.1526315789474,3.89325842696629,3.81328320802005,3.28090768849446,1.40581717451523,4.94686764484952,3.13509889373114,3.82853213916309,3.82853213916309,,,,,,,,,,,,,,,,,,,,,,,,,,,,,,,,,,,,,,,,
77950,Dermaglos Solar SPF80 UVA / UVB,90ml,Cuidado Personal;Cuidado Corporal;Protectores Solares,,25,8.48,1.8,9.2,3.96,5.08,8.6,29.488,29.488,3.14426966292134,1.45714285714286,2.17277008504956,3.0221052631579,1.62405328258802,2.04501061571125,2.25104350789504,2.25104350789504,,,,,,,,,,,,,,,,,,,,,,,,,,,,,,,,,,,,,,,,
111589,"Coppertone Waterbabies Pure & Simple Protector solar en loción, SPF 50",177ml,Cuidado Personal;Cuidado Corporal;Niños;Protectores Solares,BROAD SPECTRUM UVA/UVB PROTECTION DERMATOLOGIST TESTED PEDIATRICIAN TESTED WATER RESISTANT (80 MIN) HYPOALLERGENIC Zinc Oxide 24.08%,24,3.70833333333333,1.58333333333333,4.625,1.33333333333333,2.20833333333333,9,19.1208333333333,19.1208333333333,1.375,1.28174603174603,1.09228930906024,1.01754385964912,0.705994291151285,2.14012738853503,1.4596387595138,1.4596387595138,,,,,,,,,,,,,,,,,,,,,,,,,,,,,,,,,,,,,,,,
7548608975,Hawaiian Tropic Kids SPF50 UVA/UVB,240ml,Cuidado Personal;Cuidado Corporal;Niños;Protectores Solares,,37,9.81081081081081,5.32432432432432,18.5405405405405,4.43243243243243,12.972972972973,17.5405405405405,59.7918918918919,59.7918918918919,3.63771636805344,4.31016731016731,4.37873172251467,3.38264580369843,4.14740144521307,4.17099902450219,4.56437025461222,4.56437025461222,,,,,,,,,,,,,,,,,,,,,,,,,,,,,,,,,,,,,,,,
7793742032615,Dermaglos Solar FPS30 UBV/UVA,380 ml,Cuidado Personal;Cuidado Corporal;Protectores Solares,"HIPOALERGÉNICO , NO COMEDOGÉNICO",27,1.66666666666667,3.22222222222222,14,5.62962962962963,7.2962962962963,8.33333333333333,38.6481481481481,38.6481481481481,0.617977528089888,2.60846560846561,3.30638925985802,4.2962962962963,2.33259329738874,1.98159943382873,2.95030734471834,2.95030734471834,,,,,,,,,,,,,,,,,,,,,,,,,,,,,,,,,,,,,,,,
7793742003493,Dermaglos Solar FPS20 UBV/UVA,250 ml,Cuidado Personal;Cuidado Corporal;Protectores Solares,"HIPOALERGÉNICO , NO COMEDOGÉNICO",26,1.61538461538462,3.30769230769231,13.3461538461538,5.46153846153846,6.80769230769231,6.80769230769231,35.8923076923077,35.8923076923077,0.598962834917892,2.67765567765568,3.15196998123827,4.16801619433198,2.17638878723561,1.61881430671239,2.73993306477687,2.73993306477687,,,,,,,,,,,,,,,,,,,,,,,,,,,,,,,,,,,,,,,,
7798177222570,Lidherma Autobronceante con extracto de nuez y aloe,150 g,Cuidado Personal;Cuidado Corporal;Bronceador,,24,2.375,0.833333333333333,9.14583333333333,0.0833333333333333,5.29166666666667,7.375,22.9666666666667,22.9666666666667,0.880617977528089,0.674603174603175,2.15997750755606,0.0635964912280702,1.69172216936252,1.75371549893843,1.75322049301375,1.75322049301375,,,,,,,,,,,,,,,,,,,,,,,,,,,,,,,,,,,,,,,,
7793742004568,Dermaglós solar FPS50 cuidado facial crema con color,50 g,Cuidado Personal; Cuidado Corporal;Protectores Solares,"HIPOALERGÉNICO , NO COMEDOGÉNICO",31,5.41935483870968,4.09677419354839,13.3225806451613,6.38709677419355,6.93548387096774,6.90322580645161,38.1870967741935,38.1870967741935,2.00942370424067,3.31643625192013,3.14640268276812,4.87436332767403,2.21724317853964,1.64153140195877,2.91511178373941,2.91511178373941,,,,,,,,,,,,,,,,,,,,,,,,,,,,,,,,,,,,,,,,
303757,La Roche-Posay anthelios age correct fps 50,48 g,Cuidado Personal; Cuidado Corporal;Protectores Solares,Hipoalergénico. No comedogénico,35,5.2,5.22857142857143,9.07142857142857,1.71428571428571,6.45714285714286,11.2857142857143,34.2771428571429,34.2771428571429,1.92808988764045,4.23265306122449,2.14240528572433,1.30827067669173,2.06431969552807,2.68365180467091,2.61663523798705,2.61663523798705,,,,,,,,,,,,,,,,,,,,,,,,,,,,,,,,,,,,,,,,
77958,Dermaglós protector solar FPS40 efecto seco,180gr,Cuidado Personal; Cuidado Corporal;Protectores Solares,Sin T.A.C.C,22,1.68181818181818,4,10.6590909090909,7.13636363636364,5.81818181818182,5.95454545454545,33.7363636363636,33.7363636363636,0.623595505617976,3.23809523809524,2.51736455011917,5.44617224880383,1.86004670876222,1.41594286817216,2.57535344355746,2.57535344355746,,,,,,,,,,,,,,,,,,,,,,,,,,,,,,,,,,,,,,,,
77959,Dermaglós Protecor solar FPS30 efecto seco,180gr,Cuidado Personal; Cuidado Corporal;Protectores Solares,Sin T.A.C.C,22,1.68181818181818,4,10.6590909090909,7.13636363636364,5.81818181818182,5.95454545454545,33.7363636363636,33.7363636363636,0.623595505617976,3.23809523809524,2.51736455011917,5.44617224880383,1.86004670876222,1.41594286817216,2.57535344355746,2.57535344355746,,,,,,,,,,,,,,,,,,,,,,,,,,,,,,,,,,,,,,,,
303760,La Roche-Posay autobronceante efecto natrual,100 ml,Cuidado Personal;Cuidado Corporal;Bronceador,,22,0,2.5,2.70454545454545,0,2.77272727272727,7.18181818181818,15.1590909090909,15.1590909090909,0,2.02380952380952,0.638734288836208,0,0.886428509644495,1.70777842115421,1.15720880278417,1.15720880278417,,,,,,,,,,,,,,,,,,,,,,,,,,,,,,,,,,,,,,,,
303761,La Roche-Posay ANTHELIOS XL GEL-CREMA TOQUE SECO FPS 50+,50ml,Cuidado Personal; Cuidado Corporal;Protectores Solares,,36,8.47222222222222,6,14.9388888888889,4.63888888888889,11.4444444444444,17.9722222222222,55.8416666666667,55.8416666666667,3.14138576779026,4.85714285714286,3.52812726974533,3.54020467836257,3.65873771011734,4.27364944562396,4.26281949335454,4.26281949335454,,,,,,,,,,,,,,,,,,,,,,,,,,,,,,,,,,,,,,,,
77962,Cepage filtres fluide fps50,50ml,Cuidado Personal; Cuidado Corporal;Protectores Solares,,39,9.58974358974359,5.43589743589744,12.4871794871795,3.02564102564103,5.30769230769231,14.9230769230769,42.1384615384615,42.1384615384615,3.55574762316335,4.40048840048841,2.94910543873784,2.30904183535763,1.69684549513285,3.54858729381021,3.2167495346866,3.2167495346866,,,,,,,,,,,,,,,,,,,,,,,,,,,,,,,,,,,,,,,,
77963,Cepage FILTRES Fluide Color 50+,50ml,Cuidado Personal; Cuidado Corporal;Protectores Solares,,34,11.4705882352941,3.55882352941176,14.0588235294118,3.82352941176471,3.05882352941176,17.4705882352941,43.1176470588235,43.1176470588235,4.25313945803039,2.88095238095238,3.32028165170617,2.91795665634675,0.977892203503667,4.15436493068564,3.29149821918998,3.29149821918998,,,,,,,,,,,,,,,,,,,,,,,,,,,,,,,,,,,,,,,,
78964,Chamaleon Protetor Solar Mineral Vegano em Bastão FPS 50,50gr,Cuidado Personal; Cuidado Corporal;Protectores Solares,,7,3.42857142857143,1,2,0,1.85714285714286,1.28571428571429,6.48571428571429,6.48571428571428,1.27126805778491,0.80952380952381,0.47234132283686,0,0.593720266412942,0.305732484076434,0.49510394183801,0.495103941838009,,,,,,,,,,,,,,,,,,,,,,,,,,,,,,,,,,,,,,,,
77965,ACF protector solar dadatina,50gr,Cuidado Personal; Cuidado Corporal;Protectores Solares,,41,10.5121951219512,7.02439024390244,14.3414634146341,1.90243902439024,6,23.6585365853659,53.9780487804878,53.9780487804878,3.89778021375718,5.68641114982579,3.38703290034235,1.45186136071887,1.91817316841104,5.62580912433328,4.12055535391205,4.12055535391205,,,,,,,,,,,,,,,,,,,,,,,,,,,,,,,,,,,,,,,,
77966,ISDIN FUSIÓN WATER,50ml,Cuidado Personal; Cuidado Corporal;Protectores Solares,,28,7,5.28571428571429,11.9285714285714,1.71428571428571,12.4285714285714,15.8928571428571,47.95,47.95,2.59550561797753,4.27891156462586,2.8171786040627,1.30827067669173,3.97335870599429,3.77919320594478,3.66038850391912,3.66038850391912,,,,,,,,,,,,,,,,,,,,,,,,,,,,,,,,,,,,,,,,
77967,NATURA Loción Protectora Spray FPS 30,30ml,Cuidado Personal; Cuidado Corporal;Protectores Solares,,34,10.3823529411765,5.35294117647059,15.4705882352941,6.55882352941176,5.73529411764706,13,47.1558823529412,47.1558823529412,3.84963648380701,4.33333333333334,3.65369905606159,5.00541795665634,1.83354788156938,3.09129511677282,3.5997674589545,3.5997674589545,,,,,,,,,,,,,,,,,,,,,,,,,,,,,,,,,,,,,,,,
77968,NATURAL FRO PROTECTOR SOLAR FPS 30,100ml,Cuidado Personal; Cuidado Corporal;Protectores Solares,,5,0,1,1,0,1,1,4,4,0,0.80952380952381,0.23617066141843,0,0.319695528068507,0.237791932059448,0.305350448710667,0.305350448710667,,,,,,,,,,,,,,,,,,,,,,,,,,,,,,,,,,,,,,,,
77969,Vichy CAPITAL SOLEIL Multi-Protection Milk SPF 50,100ml,Cuidado Personal; Cuidado Corporal;Protectores Solares,,37,7.48648648648649,7.35135135135135,11.6891891891892,4.75675675675676,6.21621621621622,16.1621621621622,46.9243243243243,46.9243243243243,2.77588824779836,5.95109395109395,2.76064354225598,3.63015647226174,1.98729652583126,3.84323176679865,3.58209087196932,3.58209087196932,,,,,,,,,,,,,,,,,,,,,,,,,,,,,,,,,,,,,,,,
77970,Eucerin Sun Gel-Crema Oil Control Toque Seco FPS 50+,,Cuidado Personal; Cuidado Corporal;Protectores Solares,,30,4.9,3.56666666666667,5.56666666666667,3.26666666666667,6.23333333333333,9.46666666666667,28.59,28.59,1.81685393258427,2.88730158730159,1.3146833485626,2.49298245614035,1.99276879162703,2.25109695682944,2.18249233215949,2.18249233215949,,,,,,,,,,,,,,,,,,,,,,,,,,,,,,,,,,,,,,,,
77971,DERMAGLOS PROTECTOR SOLAR con FPS 50,250ml,Cuidado Personal; Cuidado Corporal;Protectores Solares,,24,6.83333333333333,5.58333333333333,14.25,7.04166666666667,7.625,7.375,42.5583333333333,42.5583333333333,2.53370786516854,4.51984126984127,3.36543192521263,5.37390350877193,2.43767840152237,1.75371549893843,3.24880154492786,3.24880154492786,,,,,,,,,,,,,,,,,,,,,,,,,,,,,,,,,,,,,,,,
77972,LA ROCHE POSAY HYDRAPHASE INTENSE UV LIGERA,50ml,Cuidado Personal; Cuidado Corporal;Protectores Solares,,33,3.45454545454545,5.18181818181818,12.4090909090909,1.63636363636364,12.030303030303,11.7575757575758,43.3606060606061,43.3606060606061,1.28089887640449,4.19480519480519,2.93066320760143,1.2488038277512,3.84603408009688,2.79585665572927,3.31004512924313,3.31004512924313,,,,,,,,,,,,,,,,,,,,,,,,,,,,,,,,,,,,,,,,
77973,Natura Gel Crema Protector Facial FPS 50,50gr,Cuidado Personal; Cuidado Corporal;Protectores Solares,,44,16.1818181818182,7.22727272727273,19,6.29545454545455,10.6136363636364,19.8409090909091,64.5954545454545,64.5954545454545,6,5.85064935064936,4.48724256695017,4.80442583732058,3.39313208199985,4.71800810654313,4.931062757531,4.931062757531,,,,,,,,,,,,,,,,,,,,,,,,,,,,,,,,,,,,,,,,
77974,Dermaglos protector solar 50fps crema con color tono medio,50gr,Cuidado Personal; Cuidado Corporal;Protectores Solares,,27,5.51851851851852,4.14814814814815,13.7592592592593,6.66666666666667,6.33333333333333,6.33333333333333,37.7925925925926,37.7925925925926,2.0461922596754,3.35802469135803,3.24953335988693,5.08771929824562,2.02473834443388,1.50601556970983,2.88499627652189,2.88499627652189,,,,,,,,,,,,,,,,,,,,,,,,,,,,,,,,,,,,,,,,
77975,Isdin Fotoprotector gel cream dry touch SPF 50+,,Cuidado Personal;Cuidado Facial;Protectores Solares,,34,10.4411764705882,5.88235294117647,9.52941176470588,3.47058823529412,7.5,15.3823529411765,42.8088235294118,42.8088235294118,3.87144745538663,4.76190476190476,2.25056747939916,2.64860681114551,2.3977164605138,3.65779942550269,3.26792336837041,3.26792336837041,,,,,,,,,,,,,,,,,,,,,,,,,,,,,,,,,,,,,,,,
77976,Savia tierra protector facial fps 60 sin color,70ml,Cuidado Personal;Cuidado Facial;Protectores Solares,,22,3.40909090909091,2.68181818181818,8.45454545454546,3.36363636363636,1.54545454545455,9.90909090909091,26.2954545454545,26.2954545454545,1.26404494382022,2.17099567099567,1.99671559199218,2.56698564593301,0.494074907014967,2.35630187222544,2.00733221112637,2.00733221112637,,,,,,,,,,,,,,,,,,,,,,,,,,,,,,,,,,,,,,,,
7790375268428,Bagovit solar fps50,200ml,Cuidado Personal; Cuidado Corporal;Protectores Solares,,36,11.3055555555556,6.63888888888889,18.0972222222222,5.58333333333333,11,12.9166666666667,55.3666666666667,55.3666666666667,4.19194756554308,5.37433862433863,4.27403294205853,4.2609649122807,3.51665080875358,3.07147912243454,4.22655912757015,4.22655912757015,,,,,,,,,,,,,,,,,,,,,,,,,,,,,,,,,,,,,,,,
77978,PROTECTOR SOLAR FACIAL con FPS 50 - Efecto Seco - Sin Color,,Cuidado Personal;Cuidado Facial;Protectores Solares,,27,4.74074074074074,4.62962962962963,13.6111111111111,4.14814814814815,2.81481481481481,12.6296296296296,38.3074074074074,38.3074074074074,1.75780274656679,3.74779541446208,3.21454511375085,3.16569200779727,0.899883708637277,3.00322403082487,2.92429601019854,2.92429601019854,,,,,,,,,,,,,,,,,,,,,,,,,,,,,,,,,,,,,,,,
3282770104622,Avené FLUIDO ULTRA MAT SPF 50+,,Cuidado Personal;Cuidado Facial;Protectores Solares,,33,5.78787878787879,1.27272727272727,11.2121212121212,0,6.57575757575758,12.969696969697,32.6090909090909,32.6090909090909,2.14606741573034,1.03030303030303,2.64797408257027,0,2.1022402906323,3.08408930064981,2.48930013528446,2.48930013528446,,,,,,,,,,,,,,,,,,,,,,,,,,,,,,,,,,,,,,,,
779980,Loreal UV Defender Protector Solar FPS50,,Cuidado Personal;Cuidado Facial;Protectores Solares,,46,6.76086956521739,6.47826086956522,18.4065217391304,4.71739130434783,11.6739130434783,10.195652173913,52.1478260869565,52.1478260869565,2.50683927699071,5.24430641821947,4.34708041354314,3.60011441647598,3.73209779506063,2.42444382904088,3.98084052373449,3.98084052373449,,,,,,,,,,,,,,,,,,,,,,,,,,,,,,,,,,,,,,,,
779981,Eximia SOLAIRE EXTRÊME FLUIDE COLOR,50ml,Cuidado Personal;Cuidado Corporal;Protectores Solares,,35,11.4,3.54285714285714,13.9142857142857,3.82857142857143,3.02857142857143,18.0571428571429,43.5114285714286,43.5114285714286,4.22696629213483,2.86802721088435,3.28614606030787,2.9218045112782,0.968220742150336,4.29384288747346,3.32155855958196,3.32155855958196,,,,,,,,,,,,,,,,,,,,,,,,,,,,,,,,,,,,,,,,
7798120266194,Caviahue protector solar FPS 50+,150gr,Cuidado Personal;Cuidado Corporal;Protectores Solares,,33,11.3939393939394,6.6969696969697,18.2272727272727,5.87878787878788,8.72727272727273,12.6666666666667,53.3363636363636,53.3363636363636,4.22471910112359,5.42135642135643,4.30474705585411,4.48644338118022,2.79007006314333,3.01203113941968,4.07157064223973,4.07157064223973,,,,,,,,,,,,,,,,,,,,,,,,,,,,,,,,,,,,,,,,
7798120266170,Caviahue spray solar fps 50,170ml,Cuidado Personal;Cuidado Corporal;Protectores Solares,,13,4.76923076923077,4.46153846153846,12.6923076923077,4,8,8.38461538461539,38.0153846153846,38.0153846153846,1.76836646499568,3.61172161172161,2.99755070261854,3.05263157894737,2.55756422454805,1.99379389188306,2.90200368755407,2.90200368755407,,,,,,,,,,,,,,,,,,,,,,,,,,,,,,,,,,,,,,,,
779984,Caviahue PROTECTOR SOLAR FPS 70+,90gr,Cuidado Personal;Cuidado Corporal;Protectores Solares,,24,9.91666666666667,5.91666666666667,11.0833333333333,4.54166666666667,4.79166666666667,8.95833333333333,36.2833333333333,36.2833333333333,3.67696629213483,4.78968253968254,2.61755816405426,3.46600877192983,1.53187440532826,2.13021939136588,2.769783028513,2.769783028513,,,,,,,,,,,,,,,,,,,,,,,,,,,,,,,,,,,,,,,,
779985,Eucerin Sun Face Oil Control FPS30,,Cuidado Personal;Cuidado Facial;Protectores Solares,,31,4.64516129032258,3.45161290322581,5.70967741935484,3.09677419354839,6.61290322580645,9.45161290322581,28.7870967741935,28.7870967741936,1.72236317506343,2.7941628264209,1.34845829261491,2.36332767402377,2.11411558884013,2.24751729333607,2.19753822926934,2.19753822926935,,,,,,,,,,,,,,,,,,,,,,,,,,,,,,,,,,,,,,,,
779986,Villeneuve Protector solar en crema FPS 50,130gr,Cuidado Personal;Cuidado Corporal;Protectores Solares,,27,7.66666666666667,3.85185185185185,12.5925925925926,4.59259259259259,5.81481481481481,6.66666666666667,34.2851851851852,34.2851851851852,2.84269662921348,3.11816578483245,2.97400092156542,3.50487329434698,1.8589702928428,1.58527954706298,2.61724917010615,2.61724917010615,,,,,,,,,,,,,,,,,,,,,,,,,,,,,,,,,,,,,,,,
779987,Villaneuve protector solar efecto seco FPS 30,200ml,Cuidado Personal;Cuidado Corporal;Protectores Solares,,11,2.27272727272727,2.27272727272727,7.18181818181818,5.45454545454545,2.72727272727273,4.63636363636364,22.5,22.5,0.842696629213481,1.83982683982684,1.69613475018691,4.16267942583732,0.871896894732293,1.10248986682108,1.7175962739975,1.7175962739975,,,,,,,,,,,,,,,,,,,,,,,,,,,,,,,,,,,,,,,,
779988,Villaneuve protector solar en crema FPS 25,130gr,Cuidado Personal;Cuidado Corporal;Protectores Solares,,27,7.66666666666667,3.85185185185185,12.5925925925926,4.59259259259259,5.81481481481481,6.66666666666667,34.2851851851852,34.2851851851852,2.84269662921348,3.11816578483245,2.97400092156542,3.50487329434698,1.8589702928428,1.58527954706298,2.61724917010615,2.61724917010615,,,,,,,,,,,,,,,,,,,,,,,,,,,,,,,,,,,,,,,,
779989,La roche posay ANTHELIOS DP LOCIÓN FPS 50+ PANTALLA SOLAR PARA NIÑOS,250ml,Cuidado Personal;Cuidado Corporal;Niños;Protectores Solares,,30,6.76666666666667,3.6,8.6,1.53333333333333,7.73333333333333,12.6333333333333,34.7766666666667,34.7766666666667,2.50898876404494,2.91428571428572,2.0310676881985,1.17017543859649,2.47231208372979,3.00410474168435,2.65476769283199,2.65476769283199,,,,,,,,,,,,,,,,,,,,,,,,,,,,,,,,,,,,,,,,
4005800066627,Eucerin Sun Kids Spray FPS 50+,200ml,Cuidado Personal;Cuidado Corporal;Niños;Protectores Solares,,27,5.51851851851852,3.51851851851852,8,4.59259259259259,6.14814814814815,7.40740740740741,30.2185185185185,30.2185185185185,2.0461922596754,2.84832451499118,1.88936529134744,3.50487329434698,1.96553546886564,1.76142171895887,2.3068095472503,2.3068095472503,,,,,,,,,,,,,,,,,,,,,,,,,,,,,,,,,,,,,,,,
7793742004650,Dermaglos PROTECTOR SOLAR BEBÉS con FPS 65,120gr,Cuidado Personal;Cuidado Corporal;Niños;Protectores Solares,,26,7.84615384615385,3.57692307692308,10.4615384615385,3.65384615384615,4.38461538461539,9.26923076923077,32.1307692307692,32.1307692307692,2.90924805531547,2.8956043956044,2.47070845791589,2.78846153846154,1.40174193076192,2.20414829332026,2.45278620050856,2.45278620050856,,,,,,,,,,,,,,,,,,,,,,,,,,,,,,,,,,,,,,,,
3337875654586,Vichy Protector Solar Niños Idéal Soleil Spray,200ml,Cuidado Personal;Cuidado Corporal;Niños;Protectores Solares,,24,7.875,3.66666666666667,8.91666666666667,1.5,7.58333333333333,12.5416666666667,34.9958333333333,34.9958333333333,2.91994382022472,2.96825396825397,2.10585506431434,1.14473684210526,2.42435775451951,2.98230714791225,2.67149835283426,2.67149835283426,,,,,,,,,,,,,,,,,,,,,,,,,,,,,,,,,,,,,,,,
7798120266200,Caviahue Protector Solar FPS70 Pediatrico,90ml,Cuidado Personal;Cuidado Corporal;Niños;Protectores Solares,,24,9.91666666666667,5.91666666666667,11.0833333333333,4.54166666666667,4.79166666666667,8.95833333333333,36.2833333333333,36.2833333333333,3.67696629213483,4.78968253968254,2.61755816405426,3.46600877192983,1.53187440532826,2.13021939136588,2.769783028513,2.769783028513,,,,,,,,,,,,,,,,,,,,,,,,,,,,,,,,,,,,,,,,
4005808555741b,NIVEA BLOQUEADOR SOLAR FPS 60 SENSITIVE PROTECT & PLAY,200ml,Cuidado Personal;Cuidado Corporal;Niños;Protectores Solares,,33,8.63636363636364,3.6969696969697,10.4939393939394,4.72727272727273,7.27272727272727,7.87878787878788,34.9333333333333,34.9333333333333,3.20224719101123,2.992784992785,2.47836060755159,3.60765550239235,2.32505838595278,1.87351219198353,2.66672725207315,2.66672725207315,,,,,,,,,,,,,,,,,,,,,,,,,,,,,,,,,,,,,,,,
7796045102276b,Rayito De Sol Protector Solar Kids Fps65 Pediatric,90gr,Cuidado Personal;Cuidado Corporal;Niños;Protectores Solares,,24,5.41666666666667,6.54166666666667,11.6666666666667,4.625,4.25,8.25,35.875,35.875,2.00842696629213,5.29563492063493,2.75532438321503,3.5296052631579,1.35870599429115,1.96178343949044,2.73861183687379,2.73861183687379,,,,,,,,,,,,,,,,,,,,,,,,,,,,,,,,,,,,,,,,
8429420196377,ISDIN FOTO PEDIATRIC FUSION WATER SPF50,50gr,Cuidado Personal;Cuidado Corporal;Niños;Protectores Solares,,28,7.25,5.28571428571429,11.0357142857143,1.71428571428571,11.7142857142857,16.1071428571429,46.5821428571429,46.5821428571429,2.68820224719101,4.27891156462586,2.60631194208197,1.30827067669173,3.74500475737393,3.83014861995754,3.55596955583324,3.55596955583324,,,,,,,,,,,,,,,,,,,,,,,,,,,,,,,,,,,,,,,,
3504105036775,Mustela Very High Protection Sun Lotion - SPF 50+,100ml,Cuidado Personal;Cuidado Corporal;Niños;Protectores Solares,,21,6,0,2.9047619047619,1.71428571428571,3.23809523809524,7.19047619047619,15.647619047619,15.647619047619,2.22471910112359,0,0.686019540310677,1.30827067669173,1.03520456707898,1.70983722576079,1.19450187436101,1.19450187436101,,,,,,,,,,,,,,,,,,,,,,,,,,,,,,,,,,,,,,,,
77998,Fotoprotector ISDIN Fusion Fluid Mineral Baby Pediatrics SPF 50+,,Cuidado Personal;Cuidado Corporal;Niños;Protectores Solares,,29,5.41379310344828,1.37931034482759,5.86206896551724,1.79310344827586,3.24137931034483,8.24137931034483,21.0586206896552,21.0586206896552,2.00736148779543,1.11658456486043,1.38444870486666,1.36842105263158,1.03625447029102,1.95973350904165,1.60756481920349,1.60756481920349,,,,,,,,,,,,,,,,,,,,,,,,,,,,,,,,,,,,,,,,
77999,Sentida botánica protector solar FPS30,125gr,Cuidado Personal;Cuidado Corporal;Protectores Solares,,19,3.57894736842105,0.947368421052632,4.54210526315789,0,6.05263157894737,1.57894736842105,13.4789473684211,13.4789473684211,1.32702542874039,0.766917293233083,1.07271200423213,0,1.9349992488357,0.375460945357022,1.02895065677371,1.02895065677371,,,,,,,,,,,,,,,,,,,,,,,,,,,,,,,,,,,,,,,,
779100,WENEAR PROTECTOR SOLAR FPS30+,30ml,Cuidado Personal;Cuidado Corporal;Protectores Solares,,17,4.70588235294118,0.882352941176471,1.70588235294118,0,2.38823529411765,2.58823529411765,8.03529411764706,8.03529411764706,1.74487772637145,0.714285714285715,0.402879363596146,0,0.763508143504788,0.615461471212688,0.613395166086428,0.613395166086428,,,,,,,,,,,,,,,,,,,,,,,,,,,,,,,,,,,,,,,,
779101,Umbrella Protector Solar Piel Sensible Spf 50,60gr,Cuidado Personal;Cuidado Corporal;Protectores Solares,,28,10.8214285714286,2.71428571428571,6.21428571428571,1.71428571428571,4.53571428571429,11.3571428571429,27.6178571428571,27.6178571428571,4.01243980738363,2.19727891156462,1.46763196738596,1.30827067669173,1.4500475737393,2.70063694267516,2.10828126774963,2.10828126774963,,,,,,,,,,,,,,,,,,,,,,,,,,,,,,,,,,,,,,,,
779102,PROTECTOR SOLAR FACIAL BIOACTIV FPS 50,30gr,Cuidado Personal;Cuidado Facial;Protectores Solares,,12,3.08333333333333,1,5.5,3.83333333333333,1.33333333333333,6.33333333333333,18.3083333333333,18.3083333333333,1.14325842696629,0.80952380952381,1.29893863780137,2.92543859649123,0.426260704091341,1.50601556970983,1.39761444961945,1.39761444961945,,,,,,,,,,,,,,,,,,,,,,,,,,,,,,,,,,,,,,,,
779103,Natura protector solar ekos buriti,120ml,Cuidado Personal;Cuidado Corporal;Protectores Solares,,37,4.59459459459459,1.35135135135135,7.99189189189189,0,7.43243243243243,2.48648648648649,19.7216216216216,19.7216216216216,1.70361372608563,1.09395109395109,1.8874503940927,0,2.37611541131998,0.59126642566133,1.50550150286604,1.50550150286604,,,,,,,,,,,,,,,,,,,,,,,,,,,,,,,,,,,,,,,,
779104,Aurelia protector solar facial fps 40,60ml,Cuidado Personal;Cuidado Facial;Protectores Solares,,14,2.57142857142857,0.857142857142857,2.14285714285714,0,3.78571428571429,0.857142857142857,7.9,7.9,0.953451043338682,0.693877551020408,0.506079988753778,0,1.21027592768792,0.203821656050955,0.603067136203567,0.603067136203567,,,,,,,,,,,,,,,,,,,,,,,,,,,,,,,,,,,,,,,,
779105,Ecodherm protector solar spf 30 UVA ,,Cuidado Personal;Cuidado Corporal;Protectores Solares,,14,4.21428571428571,0.857142857142857,1.64285714285714,0,3.87857142857143,1.57142857142857,8.37142857142857,8.37142857142857,1.56260032102728,0.693877551020408,0.387994658044563,0,1.23996194100857,0.373673036093417,0.639054867658752,0.639054867658752,,,,,,,,,,,,,,,,,,,,,,,,,,,,,,,,,,,,,,,,
779106,ISDIN AGE REPAIR FUSION WATER 50 DAYLI,,Cuidado Personal;Cuidado Facial;Protectores Solares,,42,8.47619047619048,6.07142857142857,16.8095238095238,1.80952380952381,16.3333333333333,19.6428571428571,61.5142857142857,61.5142857142857,3.14285714285714,4.91496598639456,3.96991635622409,1.38095238095238,5.22169362511894,4.67091295116771,4.69585368624332,4.69585368624332,,,,,,,,,,,,,,,,,,,,,,,,,,,,,,,,,,,,,,,,
779107,Agua Protectora Solar Hidratante FPS 50 CAPITAL SOLEIL,,Cuidado Personal;Cuidado Corporal;Protectores Solares,,23,6.39130434782609,4.43478260869565,10.195652173913,4.08695652173913,4.82608695652174,7.56521739130435,31.7478260869565,31.7478260869565,2.36980947728383,3.59006211180124,2.40791391750529,3.11899313501144,1.54287841806975,1.798947659928,2.42355323531009,2.42355323531009,,,,,,,,,,,,,,,,,,,,,,,,,,,,,,,,,,,,,,,,
779108,Capital Soleil BB Cream con Protección Solar,,Cuidado Personal;Cuidado Corporal;Protectores Solares,,40,11.7,6.475,16.9125,4.4,12.65,21.775,63.3825,63.3825,4.33820224719101,5.24166666666667,3.9942363112392,3.35789473684211,4.04414843006661,5.17791932059447,4.83846870385096,4.83846870385096,,,,,,,,,,,,,,,,,,,,,,,,,,,,,,,,,,,,,,,,
779109,Veganis Protetor Solar 50 fps,135ml,Cuidado Personal;Cuidado Corporal;Protectores Solares,,32,10.9375,6.625,17.25,5.84375,8.25,11.84375,50.90625,50.90625,4.05547752808988,5.36309523809524,4.07394390946792,4.45970394736842,2.63748810656518,2.81634819532908,3.88606156991934,3.88606156991934,,,,,,,,,,,,,,,,,,,,,,,,,,,,,,,,,,,,,,,,
779110,PROTECTOR SOLAR DIARIO 50 FPS,60gr,Cuidado Personal;Cuidado Corporal;Protectores Solares,,32,11.21875,6.625,17.4375,5.84375,8.25,12.125,51.403125,51.403125,4.15976123595505,5.36309523809524,4.11822590848388,4.45970394736842,2.63748810656518,2.8832271762208,3.92399182097012,3.92399182097012,,,,,,,,,,,,,,,,,,,,,,,,,,,,,,,,,,,,,,,,
779111,Aurelia Solare 40 - Pantalla solar mineral FPS 40,,Cuidado Personal;Cuidado Facial;Protectores Solares,,14,2.57142857142857,0.857142857142857,2.14285714285714,0,3.78571428571429,0.857142857142857,7.9,7.9,0.953451043338682,0.693877551020408,0.506079988753778,0,1.21027592768792,0.203821656050955,0.603067136203567,0.603067136203567,,,,,,,,,,,,,,,,,,,,,,,,,,,,,,,,,,,,,,,,
779112,Caviahue protector solar fps50,170ml,Cuidado Personal;Cuidado Corporal;Protectores Solares,,12,4.5,4.33333333333333,11.7083333333333,3.91666666666667,7.5,7.75,35.6583333333333,35.6583333333333,1.66853932584269,3.50793650793651,2.76516482744078,2.9890350877193,2.3977164605138,1.84288747346072,2.72207202090196,2.72207202090196,,,,,,,,,,,,,,,,,,,,,,,,,,,,,,,,,,,,,,,,
779113,Rayito de sol gel post solar extra refrescante,200gr,Cuidado Personal;Cuidado Corporal;Protectores Solares,,14,1.14285714285714,0,7.03571428571429,0.857142857142857,4.57142857142857,2.28571428571429,14.8642857142857,14.8642857142857,0.423756019261636,0,1.66162929640824,0.654135338345865,1.46146527117032,0.543524416135881,1.13470407815517,1.13470407815517,,,,,,,,,,,,,,,,,,,,,,,,,,,,,,,,,,,,,,,,
779114,Rayito de sol gel post solar aloe vera,200gr,Cuidado Personal;Cuidado Corporal;Protectores Solares,,15,1.93333333333333,0,7.56666666666667,1.13333333333333,3.6,2.6,15.0933333333333,15.0933333333333,0.716853932584268,0,1.78702467139946,0.864912280701752,1.15090390104662,0.618259023354564,1.15218902646825,1.15218902646825,,,,,,,,,,,,,,,,,,,,,,,,,,,,,,,,,,,,,,,,
779115,Rayito de sol protector solar Fps 50,200gr,Cuidado Personal;Cuidado Corporal;Protectores Solares,,31,15.0967741935484,4.96774193548387,15.9032258064516,4.96774193548387,8.03225806451613,12.1612903225806,47.541935483871,47.541935483871,5.59768031895614,4.02150537634409,3.75587535739632,3.7911714770798,2.56787698351801,2.8918567221423,3.62923783314339,3.62923783314339,,,,,,,,,,,,,,,,,,,,,,,,,,,,,,,,,,,,,,,,
7791116,Bioderma Photoderm NUDE Touch SPF 50+ Teinte Claire,40ml,Cuidado Personal;Cuidado Corporal;Protectores Solares,,30,6,2.56666666666667,6.56666666666667,0,7.56666666666667,10.6,27.9,27.9,2.22471910112359,2.07777777777778,1.55085400998103,0,2.41902949571837,2.52059447983014,2.1298193797569,2.1298193797569,,,,,,,,,,,,,,,,,,,,,,,,,,,,,,,,,,,,,,,,
779117,ACF Camuflaje UV Barra,30gr,Cuidado Personal;Cuidado Corporal;Protectores Solares,,14,3.21428571428571,0.428571428571429,3.5,2.64285714285714,2.57142857142857,5.28571428571429,14.75,14.75,1.19181380417335,0.346938775510205,0.826597314964506,2.01691729323308,0.822074215033303,1.25690021231422,1.12597977962058,1.12597977962058,,,,,,,,,,,,,,,,,,,,,,,,,,,,,,,,,,,,,,,,
77911811,Soleil Protector solar fps 99,50gr,Cuidado Personal;Cuidado Corporal;Protectores Solares,,17,1.41176470588235,1.94117647058824,8.35294117647059,3.64705882352941,5.11764705882353,0.941176470588235,20.1411764705882,20.1411764705882,0.523463317911433,1.57142857142858,1.9727196424363,2.78328173374613,1.63608887893883,0.223804171350068,1.53752931821371,1.53752931821371,,,,,,,,,,,,,,,,,,,,,,,,,,,,,,,,,,,,,,,,
7796045102610,RAYITO DE SOL PROTECTOR SOLAR MINERAL FPS 50,50GR,Cuidado Personal;Cuidado Corporal;Protectores Solares,,14,3.71428571428571,1.42857142857143,2.35714285714286,0,4,2.28571428571429,10.4428571428571,10.4428571428571,1.37720706260032,1.15646258503402,0.556687987629157,0,1.27878211227403,0.543524416135881,0.797182778598202,0.797182778598202,,,,,,,,,,,,,,,,,,,,,,,,,,,,,,,,,,,,,,,,
337875761031,LA ROCHE-POSAY PROTECTOR SOLAR DE USO DIARIO,50ml,Cuidado Personal;Cuidado Corporal;Protectores Solares,,34,5,5.02941176470588,10.1617647058824,1.64705882352941,5.52941176470588,11.3235294117647,34.1911764705882,34.1911764705882,1.85393258426966,4.07142857142857,2.39991069176671,1.25696594427244,1.76772821402586,2.69264393655551,2.61007276930992,2.61007276930992,,,,,,,,,,,,,,,,,,,,,,,,,,,,,,,,,,,,,,,,
7792222121,Laboratorio Molecular fps antioxidante +60,,Cuidado Personal;Cuidado Corporal;Protectores Solares,,17,3.52941176470588,0,2.20588235294118,0,1.64705882352941,2.23529411764706,6.44117647058824,6.44117647058823,1.30865829477858,0,0.520964694305362,0,0.526557340348129,0.531534906956413,0.491704031379677,0.491704031379676,,,,,,,,,,,,,,,,,,,,,,,,,,,,,,,,,,,,,,,,
7790375267766,Bagovit PostSolar Aloe Vera,200g,Cuidado Personal;Cuidado Corporal;Protectores Solares,,24,0.791666666666667,0,7.0625,1.25,5.20833333333333,4.91666666666667,18.5166666666667,18.5166666666667,0.293539325842696,0,1.66795529626766,0.953947368421053,1.66508087535681,1.16914366595895,1.41351811882313,1.41351811882313,,,,,,,,,,,,,,,,,,,,,,,,,,,,,,,,,,,,,,,,
7798167583322,Sulderm FPS 50+,50gr,Cuidado Personal;Cuidado Corporal;Protectores Solares,,34,10.0294117647059,5.79411764705882,12.0882352941176,1.82352941176471,5.82352941176471,21.2647058823529,47.7970588235294,47.7970588235294,3.71877065432915,4.69047619047619,2.85488652479337,1.39164086687307,1.8617563105166,5.0565754964406,3.64871333970371,3.64871333970371,,,,,,,,,,,,,,,,,,,,,,,,,,,,,,,,,,,,,,,,
779123,Ecodherm protector solar spf 30 UVA,60cc,Cuidado Personal;Cuidado Corporal;Protectores Solares,,16,4.75,0.875,1.6875,0,4.2875,2.6875,10.0125,10.0125,1.76123595505618,0.708333333333334,0.398537991143601,0,1.37069457659372,0.639065817409765,0.764330341928888,0.764330341928888,,,,,,,,,,,,,,,,,,,,,,,,,,,,,,,,,,,,,,,,
779123111,Isdin Fotoprotector gel cream 50spf,250ml,Cuidado Personal;Cuidado Corporal;Protectores Solares,,31,7.74193548387097,5.7741935483871,8.93548387096774,3.38709677419355,7.09677419354839,13.741935483871,39.7096774193548,39.7096774193548,2.87060529177238,4.67434715821813,2.11029913590017,2.5848896434635,2.2688069733894,3.26772138894597,3.03134195453895,3.03134195453895,,,,,,,,,,,,,,,,,,,,,,,,,,,,,,,,,,,,,,,,
779126111,BlueBerry Siberica Face cream spf20,,Cuidado Personal;Cuidado Facial;Protectores Solares,,27,1.27272727272727,0.818181818181818,1.63636363636364,3.09090909090909,0.818181818181818,2.18181818181818,8.67272727272727,8.67272727272727,0.471910112359549,0.662337662337662,0.386461082321068,2.35885167464115,0.261569068419687,0.518818760856976,0.662055291068127,0.662055291068127,,Vaccinium Myrtillus Fruit Extract*,Sambucus Nigra Fruit Extract*,Hippophae Rhamnoides Fruit Extract WH Rubus Arcticus Fruit Extract*,Niacinamide,Sodium Hyaluronate,Tocopheryl Acetate,Sodium Stearoyl Glutamate,Xanthan Gum,Citric Acid,Benzyl Alcohol,Ethylhexylglycerin,Sodium Benzoate,Potassium Sorbate,Parfum,CI 28440,CI 16035,,,,,,,,,,,,,,,,,,,,,,,